,year,month,day,dep_time,sched_dep_time,dep_delay,arr_time,sched_arr_time,arr_delay,carrier,flight,tailnum,origin,dest,air_time,distance,hour,minute,orig.id
1,2013,7,15,1325,1330,-5,1527,1558,-31,DL,2043,N321NB,JFK,ATL,103,760,13,30,263870
2,2013,6,9,953,955,-2,1250,1310,-20,AA,1871,N3JGAA,LGA,MIA,153,1096,9,55,229745
3,2013,10,29,2039,2040,-1,19,2359,20,B6,523,N661JB,JFK,LAX,368,2475,20,40,53942
4,2013,7,7,1449,1455,-6,1652,1701,-9,9E,4120,N8560F,JFK,CLE,73,425,14,55,256189
5,2013,4,23,2001,2000,1,2223,2305,-42,B6,39,N559JB,JFK,PBI,128,1028,20,0,186704
6,2013,3,10,1149,1200,-11,1257,1305,-8,US,2126,N955UW,LGA,BOS,33,184,12,0,144826
7,2013,6,12,1311,1318,-7,1423,1437,-14,EV,4517,N14105,EWR,BNA,107,748,13,18,232837
8,2013,12,23,1852,1747,65,2100,1952,68,EV,4411,N13958,EWR,MEM,174,946,17,47,104246
9,2013,1,28,1535,1527,8,1655,1700,-5,EV,3835,N16961,EWR,BNA,118,748,15,27,23878
10,2013,7,31,948,945,3,1234,1305,-31,AA,1871,N3GEAA,LGA,MIA,143,1096,9,45,279158
11,2013,9,5,947,1000,-13,1049,1120,-31,US,2175,N756US,LGA,DCA,41,214,10,0,313039
12,2013,3,1,1157,1200,-3,1425,1510,-45,AA,3,N332AA,JFK,LAX,309,2475,12,0,136621
13,2013,5,19,1102,1115,-13,1238,1305,-27,MQ,4485,N844MQ,LGA,CMH,76,479,11,15,210383
14,2013,8,5,619,614,5,808,808,0,US,2063,N113UW,JFK,CLT,87,541,6,14,283661
15,2013,4,14,1823,1825,-2,2040,2039,1,DL,2019,N312US,LGA,MSP,154,1020,18,25,178077
16,2013,7,13,725,730,-5,1013,1025,-12,AA,1757,N3GAAA,JFK,TPA,145,1005,7,30,261755
17,2013,6,5,836,840,-4,1124,1144,-20,B6,175,N627JB,JFK,SEA,325,2422,8,40,226022
18,2013,12,4,1709,1715,-6,2024,2035,-11,AA,291,N3JDAA,JFK,AUS,228,1521,17,15,86802
19,2013,6,19,653,700,-7,759,807,-8,US,2163,N744P,LGA,DCA,38,214,7,0,239131
20,2013,3,19,1415,1355,20,1547,1520,27,WN,2444,N492WN,LGA,MDW,116,725,13,55,153406
21,2013,2,17,1253,1259,-6,1400,1436,-36,UA,1094,N12114,EWR,ORD,108,719,12,59,125542
22,2013,10,18,1252,1300,-8,1545,1605,-20,VX,165,N632VA,EWR,LAX,334,2454,13,0,43387
23,2013,1,11,1237,1245,-8,1332,1350,-18,AA,1850,N3JPAA,JFK,BOS,33,187,12,45,9233
24,2013,7,30,1631,1635,-4,1918,1938,-20,B6,89,N547JB,JFK,SAN,318,2446,16,35,278538
25,2013,12,31,554,550,4,1024,1027,-3,B6,939,N552JB,JFK,BQN,195,1576,5,50,110530
26,2013,6,20,537,545,-8,918,921,-3,B6,939,N612JB,JFK,BQN,193,1576,5,45,240031
27,2013,8,6,1405,1415,-10,1522,1534,-12,EV,5712,N826AS,JFK,IAD,47,228,14,15,285103
28,2013,11,9,1527,1530,-3,1839,1905,-26,UA,257,N597UA,JFK,SFO,347,2586,15,30,63830
29,2013,6,12,1455,1455,0,1632,1630,2,DL,1164,N315NB,JFK,BOS,38,187,14,55,232927
30,2013,7,25,1338,1315,23,1635,1607,28,UA,1130,N34131,EWR,LAX,319,2454,13,15,273598
31,2013,9,3,1523,1529,-6,1812,1836,-24,UA,375,N410UA,EWR,SEA,326,2402,15,29,311413
32,2013,8,21,658,700,-2,940,1004,-24,DL,763,N198DN,JFK,LAX,297,2475,7,0,299117
33,2013,6,17,1058,1100,-2,1310,1332,-22,DL,1647,N900PC,LGA,ATL,108,762,11,0,237410
34,2013,10,26,911,915,-4,1204,1230,-26,AA,1499,N5FTAA,JFK,MIA,151,1089,9,15,50635
35,2013,12,30,1156,1200,-4,1304,1315,-11,9E,2902,N293PQ,JFK,BOS,34,187,12,0,109931
36,2013,4,3,609,615,-6,917,921,-4,UA,1431,N14704,EWR,DFW,229,1372,6,15,167077
37,2013,12,19,952,1000,-8,1115,1143,-28,EV,5208,N748EV,LGA,RIC,55,292,10,0,100093
38,2013,9,16,1115,1120,-5,1232,1230,2,B6,1307,N187JB,JFK,IAD,55,228,11,20,323127
39,2013,12,25,700,700,0,1017,1025,-8,DL,486,N624AG,JFK,SLC,279,1990,7,0,105273
40,2013,10,27,1952,1930,22,2255,2233,22,B6,1271,N570JB,LGA,FLL,149,1076,19,30,51936
41,2013,11,14,2029,2029,0,2206,2207,-1,EV,4106,N16976,EWR,GSO,65,445,20,29,68826
42,2013,4,1,658,700,-2,1032,1044,-12,DL,1865,N705TW,JFK,SFO,360,2586,7,0,165176
43,2013,6,25,1908,1758,70,2130,1955,95,UA,1053,N24715,EWR,CLE,72,404,17,58,245495
44,2013,8,21,1538,1545,-7,1824,1900,-36,AA,133,N335AA,JFK,LAX,313,2475,15,45,299614
45,2013,10,13,1628,1635,-7,1759,1815,-16,MQ,2949,N660MQ,JFK,BNA,112,765,16,35,38710
46,2013,4,22,1636,1629,7,1934,1946,-12,UA,1726,N77520,EWR,SAN,340,2425,16,29,185524
47,2013,6,14,556,600,-4,731,751,-20,EV,5559,N131EV,EWR,DTW,75,488,6,0,234376
48,2013,1,30,1426,1429,-3,1801,1754,7,UA,257,N502UA,JFK,SFO,363,2586,14,29,25598
49,2013,1,23,1707,1703,4,1815,1810,5,EV,4373,N15910,EWR,DCA,42,199,17,3,19755
50,2013,4,21,1154,1200,-6,1306,1311,-5,US,2173,N949UW,LGA,DCA,46,214,12,0,184321
51,2013,7,24,945,950,-5,1213,1220,-7,VX,251,N838VA,JFK,LAS,304,2248,9,50,272398
52,2013,1,27,806,759,7,1029,1030,-1,UA,369,N533UA,LGA,DEN,242,1620,7,59,22636
53,2013,12,27,2320,2250,30,27,2356,31,B6,1816,N324JB,JFK,SYR,49,209,22,50,107847
54,2013,10,17,807,810,-3,1100,1111,-11,DL,1167,N308DE,JFK,TPA,142,1005,8,10,42125
55,2013,6,5,1559,1607,-8,1744,1758,-14,EV,5486,N759EV,LGA,PIT,60,335,16,7,226430
56,2013,11,21,825,825,0,1011,1029,-18,US,1831,N565UW,JFK,CLT,88,541,8,25,74621
57,2013,12,31,1857,1900,-3,2246,2244,2,DL,435,N706TW,JFK,SFO,368,2586,19,0,111193
58,2013,4,27,1609,1615,-6,1832,1840,-8,MQ,4657,N542MQ,LGA,ATL,111,762,16,15,190315
59,2013,2,10,1555,1520,35,1838,1842,-4,DL,2115,N341NW,LGA,MIA,143,1096,15,20,119446
60,2013,2,25,1932,1935,-3,2258,2316,-18,B6,645,N763JB,JFK,SFO,363,2586,19,35,133269
61,2013,12,26,732,729,3,1031,1029,2,UA,1143,N37277,EWR,PBI,155,1023,7,29,106060
62,2013,1,29,1924,1900,24,2302,2238,24,DL,87,N624AG,JFK,LAX,352,2475,19,0,25051
63,2013,11,14,855,900,-5,1152,1215,-23,DL,422,N707TW,JFK,LAX,327,2475,9,0,68132
64,2013,1,1,1632,1635,-3,1824,1810,14,MQ,3695,N507MQ,EWR,ORD,139,719,16,35,553
65,2013,4,18,1657,1700,-3,1802,1821,-19,US,2183,N750UW,LGA,DCA,42,214,17,0,181875
66,2013,4,4,1454,1500,-6,1555,1612,-17,US,2132,N956UW,LGA,BOS,37,184,15,0,168559
67,2013,2,26,1123,1130,-7,1345,1334,11,US,1625,N563UW,LGA,CLT,93,544,11,30,133746
68,2013,4,26,1857,1800,57,2031,1950,41,AA,353,N4XTAA,LGA,ORD,116,733,18,0,189597
69,2013,10,20,2131,2140,-9,2226,2255,-29,MQ,3621,N808MQ,JFK,DCA,41,213,21,40,45520
70,2013,7,2,1742,1636,66,1857,1805,52,B6,918,N373JB,JFK,BOS,37,187,16,36,252100
71,2013,5,28,1302,1301,1,1353,1412,-19,B6,1008,N197JB,JFK,BOS,36,187,13,1,218711
72,2013,1,1,1448,1445,3,1651,1647,4,US,1445,N560UW,LGA,CLT,96,544,14,45,426
73,2013,9,29,1925,1935,-10,2127,2159,-32,9E,3470,N931XJ,JFK,CVG,87,589,19,35,335652
74,2013,5,3,909,910,-1,1106,1110,-4,MQ,4582,N506MQ,LGA,CLT,78,544,9,10,195599
75,2013,9,5,853,859,-6,1055,1108,-13,EV,4087,N34110,EWR,IND,94,645,8,59,312991
76,2013,11,5,745,750,-5,857,912,-15,EV,3815,N16561,EWR,ROC,45,246,7,50,59583
77,2013,10,4,2118,2127,-9,2225,2237,-12,EV,4372,N21537,EWR,DCA,37,199,21,27,30897
78,2013,1,2,1044,1050,-6,1344,1358,-14,B6,373,N547JB,LGA,FLL,158,1076,10,50,1151
79,2013,12,1,700,700,0,1000,1002,-2,DL,1879,N323NB,LGA,FLL,154,1076,7,0,83250
80,2013,3,18,900,820,40,1103,1017,46,EV,4691,N22971,EWR,DAY,95,533,8,20,152248
81,2013,3,17,1505,1500,5,1803,1801,2,DL,2181,N662DN,LGA,MCO,136,950,15,0,151554
82,2013,5,12,758,800,-2,1110,1105,5,B6,25,N563JB,JFK,FLL,158,1069,8,0,203698
83,2013,7,10,601,600,1,828,844,-16,UA,1115,N78285,EWR,TPA,126,997,6,0,258704
84,2013,1,3,2257,2000,177,45,2224,141,9E,3439,N931XJ,JFK,CVG,90,589,20,0,2683
85,2013,5,30,1407,1400,7,1704,1715,-11,UA,1570,N76526,EWR,SFO,340,2565,14,0,220730
86,2013,7,1,1817,1706,71,2219,2111,68,B6,803,N651JB,JFK,SJU,198,1598,17,6,251112
87,2013,4,17,1917,1830,47,2125,2100,25,WN,1545,N278WN,EWR,MSY,163,1167,18,30,181057
88,2013,12,1,1558,1545,13,1903,1905,-2,AA,1156,N3JDAA,LGA,DFW,209,1389,15,45,83762
89,2013,5,7,1712,1715,-3,2000,2041,-41,DL,1863,N322NB,JFK,SAT,201,1587,17,15,199663
90,2013,5,6,1155,1200,-5,1428,1458,-30,DL,863,N722TW,JFK,LAX,309,2475,12,0,198376
91,2013,7,29,817,820,-3,1009,1026,-17,EV,4380,N11194,EWR,MSP,146,1008,8,20,277057
92,2013,11,27,605,610,-5,922,915,7,AA,1205,N5EBAA,EWR,MIA,170,1085,6,10,80021
93,2013,5,14,851,900,-9,1009,1038,-29,UA,364,N802UA,LGA,ORD,114,733,9,0,205688
94,2013,5,4,924,929,-5,1026,1052,-26,EV,4636,N26545,EWR,DCA,36,199,9,29,196534
95,2013,7,26,1210,1200,10,1508,1501,7,UA,1496,N39726,EWR,SNA,332,2434,12,0,274541
96,2013,12,1,935,935,0,1103,1105,-2,WN,3363,N436WN,LGA,MDW,112,725,9,35,83417
97,2013,9,2,NA,2013,NA,NA,2220,NA,EV,4570,N11551,EWR,GRR,NA,605,20,13,310779
98,2013,2,10,1529,1505,24,1848,1820,28,AA,759,N3BTAA,LGA,DFW,237,1389,15,5,119414
99,2013,9,11,1025,1030,-5,1308,1335,-27,AA,179,N339AA,JFK,SFO,319,2586,10,30,318554
100,2013,12,5,1541,1530,11,1903,1856,7,UA,257,N597UA,JFK,SFO,359,2586,15,30,87531
101,2013,1,7,803,810,-7,1029,1042,-13,DL,269,N344NB,JFK,ATL,105,760,8,10,5321
102,2013,9,5,1420,1355,25,1514,1510,4,UA,1146,N14231,EWR,BOS,34,200,13,55,313264
103,2013,3,14,1654,1700,-6,1944,1955,-11,AA,257,N3FJAA,JFK,LAS,298,2248,17,0,149012
104,2013,7,14,1033,1035,-2,1139,1154,-15,B6,2602,N368JB,JFK,BUF,53,301,10,35,262737
105,2013,3,9,1855,1859,-4,2141,2222,-41,DL,2190,N923DL,JFK,MIA,135,1089,18,59,144398
106,2013,11,17,2143,2100,43,2349,2328,21,DL,1247,N910DE,LGA,ATL,106,762,21,0,71410
107,2013,6,22,859,901,-2,1144,1204,-20,B6,63,N653JB,JFK,SEA,305,2422,9,1,242217
108,2013,1,14,1930,1935,-5,2330,2220,NA,EV,4204,N12195,EWR,OKC,NA,1325,19,35,12105
109,2013,10,15,2153,2145,8,145,140,5,B6,1103,N583JB,JFK,SJU,198,1598,21,45,40964
110,2013,12,22,820,820,0,1307,1345,-38,DL,454,N624AG,JFK,STT,196,1623,8,20,102725
111,2013,4,3,2052,2100,-8,2157,2210,-13,US,2144,N947UW,LGA,BOS,43,184,21,0,167976
112,2013,10,21,1822,1825,-3,2140,2133,7,DL,1854,N315NB,LGA,FLL,167,1076,18,25,46335
113,2013,12,24,1548,1550,-2,1813,1828,-15,DL,2488,N986DL,JFK,ATL,118,760,15,50,104984
114,2013,8,5,2241,2245,-4,2355,1,-6,B6,234,N183JB,JFK,BTV,46,266,22,45,284598
115,2013,6,18,1653,1625,28,1927,1808,79,DL,402,N334NB,JFK,BOS,41,187,16,25,238670
116,2013,4,29,1707,1700,7,2014,2022,-8,DL,706,N322NB,JFK,AUS,201,1521,17,0,192149
117,2013,2,25,920,930,-10,1309,1243,26,B6,1639,N579JB,LGA,RSW,166,1080,9,30,132689
118,2013,10,28,1825,1830,-5,2109,2124,-15,B6,183,N520JB,JFK,MCO,130,944,18,30,52838
119,2013,6,1,1625,1629,-4,1952,1927,25,B6,985,N793JB,LGA,TPA,143,1010,16,29,222734
120,2013,12,10,2044,2001,43,52,2304,108,B6,65,N729JB,JFK,ABQ,318,1826,20,1,92232
121,2013,1,20,1808,1820,-12,2203,2150,13,AA,119,N3EWAA,EWR,LAX,371,2454,18,20,17127
122,2013,4,30,737,745,-8,1026,1055,-29,UA,1123,N14230,EWR,FLL,151,1065,7,45,192579
123,2013,8,18,1929,1930,-1,2220,2248,-28,UA,1439,N37287,EWR,LAX,320,2454,19,30,296883
124,2013,7,17,1025,1030,-5,1305,1345,-40,AA,179,N335AA,JFK,SFO,315,2586,10,30,265712
125,2013,3,25,625,630,-5,821,845,-24,EV,4471,N12569,EWR,CLT,92,529,6,30,158580
126,2013,6,18,944,955,-11,1145,1213,-28,9E,4060,N8847A,LGA,DAY,86,549,9,55,238337
127,2013,4,15,829,834,-5,939,953,-14,UA,477,N486UA,EWR,BOS,38,200,8,34,178487
128,2013,4,24,1151,1200,-9,1247,1310,-23,US,2126,N965UW,LGA,BOS,33,184,12,0,187238
129,2013,5,23,NA,1800,NA,NA,1950,NA,AA,353,N529AA,LGA,ORD,NA,733,18,0,214808
130,2013,2,8,842,840,2,1044,1030,14,EV,4548,N14998,EWR,RDU,80,416,8,40,117561
131,2013,4,23,628,630,-2,802,811,-9,EV,4334,N16919,EWR,CMH,75,463,6,30,185956
132,2013,11,18,2026,2030,-4,2144,2205,-21,WN,3494,N282WN,EWR,MDW,117,711,20,30,72388
133,2013,1,24,1828,1800,28,2001,1915,46,B6,1016,N216JB,JFK,BOS,43,187,18,0,20736
134,2013,11,14,1257,1300,-3,1624,1631,-7,DL,432,N722TW,JFK,SFO,352,2586,13,0,68350
135,2013,4,27,858,900,-2,1119,1142,-23,DL,1747,N670DN,LGA,ATL,115,762,9,0,189971
136,2013,10,27,1826,1830,-4,2057,2124,-27,B6,183,N588JB,JFK,MCO,128,944,18,30,51851
137,2013,4,2,1549,1435,74,1819,1707,72,EV,3810,N12569,EWR,JAX,122,820,14,35,166636
138,2013,9,1,804,800,4,1025,1019,6,DL,27,N388DA,JFK,ATL,104,760,8,0,309294
139,2013,8,16,814,815,-1,920,930,-10,MQ,3370,N836MQ,JFK,DCA,44,213,8,15,294529
140,2013,12,21,1828,1825,3,2058,2108,-10,DL,406,N3752,JFK,ATL,119,760,18,25,102419
141,2013,5,14,1741,1635,66,2020,1954,26,B6,15,N656JB,JFK,FLL,133,1069,16,35,206175
142,2013,7,23,1837,1800,37,2017,2012,5,DL,1321,N326US,EWR,MSP,139,1008,18,0,271815
143,2013,12,9,1032,1025,7,1146,1127,19,B6,518,N228JB,JFK,BOS,36,187,10,25,90888
144,2013,7,23,1245,1250,-5,1347,1359,-12,B6,316,N324JB,JFK,SYR,47,209,12,50,271518
145,2013,6,15,604,600,4,731,735,-4,WN,2269,N230WN,LGA,STL,126,888,6,0,235372
146,2013,4,8,1809,1753,16,2128,2105,23,UA,535,N596UA,JFK,LAX,345,2475,17,53,172427
147,2013,9,17,2146,2125,21,2259,2247,12,EV,5489,N719EV,LGA,CHO,48,305,21,25,324693
148,2013,2,13,555,600,-5,738,759,-21,DL,731,N369NB,LGA,DTW,86,502,6,0,121656
149,2013,6,4,650,655,-5,943,935,8,AA,1815,N5CDAA,JFK,MCO,130,944,6,55,224939
150,2013,11,1,844,848,-4,1201,1226,-25,B6,15,N834JB,JFK,SFO,348,2586,8,48,56105
151,2013,2,22,1631,1640,-9,2012,1955,17,AA,773,N512AA,LGA,DFW,239,1389,16,40,130477
152,2013,2,14,1521,1525,-4,1651,1700,-9,WN,3765,N467WN,LGA,MKE,110,738,15,25,123119
153,2013,6,8,1800,1731,29,2037,2044,-7,B6,359,N569JB,JFK,BUR,318,2465,17,31,229353
154,2013,3,16,959,1000,-1,1237,1221,16,EV,4689,N14904,EWR,SAV,111,708,10,0,150544
155,2013,9,24,1558,1605,-7,1739,1755,-16,AA,343,N528AA,LGA,ORD,116,733,16,5,330888
156,2013,8,15,621,625,-4,855,915,-20,WN,16,N963WN,EWR,HOU,196,1411,6,25,293386
157,2013,7,23,824,638,106,1124,911,133,UA,226,N578UA,EWR,IAH,186,1400,6,38,271303
158,2013,11,7,1936,1940,-4,2106,2120,-14,AA,363,N504AA,LGA,ORD,112,733,19,40,62213
159,2013,3,21,720,730,-10,1028,1040,-12,AA,715,N580AA,LGA,DFW,210,1389,7,30,155020
160,2013,12,21,913,915,-2,1208,1200,8,9E,4065,N830AY,LGA,SDF,120,659,9,15,101982
161,2013,3,30,1312,1318,-6,1556,1623,-27,B6,377,N595JB,LGA,FLL,144,1076,13,18,163772
162,2013,2,13,1645,1615,30,1826,1815,11,9E,3387,N916XJ,JFK,RDU,85,427,16,15,122270
163,2013,6,17,2125,2023,62,2345,2229,76,EV,4536,N13969,EWR,CVG,96,569,20,23,237975
164,2013,12,27,2004,1932,32,2302,2305,-3,B6,161,N613JB,JFK,SMF,335,2521,19,32,107745
165,2013,9,11,659,659,0,852,857,-5,EV,4166,N11107,EWR,GSP,80,594,6,59,318335
166,2013,7,31,1546,1545,1,1800,1806,-6,DL,1942,N309DE,EWR,ATL,106,746,15,45,279478
167,2013,1,17,1603,1506,57,1850,1819,31,UA,1600,N13138,EWR,LAX,320,2454,15,6,14590
168,2013,12,8,1750,1730,20,1921,1846,35,B6,2580,N247JB,EWR,BOS,32,200,17,30,90308
169,2013,9,20,1342,1345,-3,1630,1702,-32,DL,476,N337NB,LGA,MIA,146,1096,13,45,327158
170,2013,7,24,657,655,2,1052,1101,-9,DL,315,N683DA,JFK,SJU,199,1598,6,55,272223
171,2013,8,10,832,800,32,943,930,13,EV,4583,N14543,EWR,PWM,46,284,8,0,288776
172,2013,9,29,805,810,-5,1029,1054,-25,DL,857,N395DN,JFK,SAN,302,2446,8,10,334990
173,2013,5,5,754,800,-6,954,958,-4,B6,1273,N304JB,JFK,CHS,92,636,8,0,197189
174,2013,7,4,1827,1825,2,2121,2134,-13,UA,1680,N47414,EWR,MIA,146,1085,18,25,253971
175,2013,6,9,2025,2030,-5,2207,2217,-10,B6,917,N354JB,JFK,ORD,115,740,20,30,230343
176,2013,10,26,741,749,-8,1024,1043,-19,B6,1717,N547JB,LGA,TPA,145,1010,7,49,50538
177,2013,5,27,2136,2110,26,2,2349,13,UA,1611,N76269,EWR,IAH,178,1400,21,10,218253
178,2013,5,4,847,850,-3,1236,1245,-9,DL,301,N3765,JFK,SJU,188,1598,8,50,196502
179,2013,5,23,748,750,-2,1118,1148,-30,UA,1216,N37462,EWR,SJU,196,1608,7,50,214071
180,2013,4,4,1445,1445,0,1544,1604,-20,9E,3452,N906XJ,JFK,BOS,38,187,14,45,168542
181,2013,2,22,902,902,0,1352,1403,-11,UA,1519,N16713,EWR,STT,191,1634,9,2,130096
182,2013,5,26,1744,1705,39,1935,1911,24,US,1687,N102UW,LGA,CLT,71,544,17,5,217173
183,2013,3,1,1632,1635,-3,1909,2001,-52,US,656,N680AW,EWR,PHX,257,2133,16,35,136866
184,2013,2,28,1422,1400,22,1707,1631,36,B6,615,N292JB,JFK,JAX,135,828,14,0,135758
185,2013,8,2,1722,1725,-3,2025,2022,3,DL,479,N399DA,EWR,SLC,281,1969,17,25,281565
186,2013,6,26,907,853,14,1127,1111,16,UA,1643,N41140,EWR,DEN,214,1605,8,53,245976
187,2013,7,28,1418,1430,-12,1539,1554,-15,EV,4171,N13553,EWR,MSN,115,799,14,30,276415
188,2013,8,28,2133,2010,83,2312,2134,98,B6,418,N198JB,JFK,BOS,36,187,20,10,306458
189,2013,12,12,704,705,-1,855,850,5,WN,1352,N352SW,EWR,STL,141,872,7,5,93546
190,2013,8,18,1633,1635,-2,1917,1944,-27,B6,423,N789JB,JFK,LAX,309,2475,16,35,296694
191,2013,5,5,1529,1538,-9,1729,1749,-20,EV,4555,N12922,EWR,SDF,100,642,15,38,197590
192,2013,11,5,904,910,-6,1202,1220,-18,AA,1,N324AA,JFK,LAX,336,2475,9,10,59698
193,2013,2,22,820,820,0,953,955,-2,MQ,4655,N532MQ,LGA,BNA,125,764,8,20,130034
194,2013,6,14,2125,2028,57,11,2339,32,UA,1682,N73275,EWR,FLL,135,1065,20,28,235259
195,2013,6,18,1400,1315,45,1545,1449,56,EV,4552,N13956,EWR,GSO,71,445,13,15,238536
196,2013,9,12,816,820,-4,1046,1110,-24,B6,281,N284JB,JFK,HOU,180,1428,8,20,319385
197,2013,7,27,1753,1800,-7,2002,2006,-4,DL,1321,N388DA,EWR,MSP,152,1008,18,0,275772
198,2013,10,24,856,900,-4,1138,1157,-19,B6,63,N523JB,JFK,SEA,316,2422,9,0,48710
199,2013,9,17,800,805,-5,932,943,-11,9E,3611,N8631E,JFK,PIT,66,340,8,5,323911
200,2013,12,21,2141,2046,55,46,2358,48,B6,329,N703JB,JFK,RSW,161,1074,20,46,102556
201,2013,2,2,1301,1310,-9,1744,1805,-21,DL,315,N3765,JFK,SJU,192,1598,13,10,112544
202,2013,6,25,723,705,18,827,819,8,UA,1160,N37474,EWR,BOS,44,200,7,5,244859
203,2013,1,11,1253,1259,-6,1459,1456,3,US,1459,N194UW,LGA,CLT,100,544,12,59,9246
204,2013,7,14,749,755,-6,847,930,-43,AA,309,N434AA,LGA,ORD,100,733,7,55,262581
205,2013,2,22,1825,1800,25,2127,2109,18,B6,989,N583JB,JFK,FLL,151,1069,18,0,130599
206,2013,9,6,827,825,2,929,935,-6,AA,84,N5FAAA,JFK,BOS,36,187,8,25,313927
207,2013,11,24,952,1000,-8,1123,1136,-13,UA,673,N456UA,LGA,ORD,121,733,10,0,77381
208,2013,11,12,1245,1245,0,1549,1537,12,B6,383,N519JB,JFK,MCO,156,944,12,45,66372
209,2013,6,22,1918,1905,13,2217,2210,7,UA,1243,N23721,EWR,MIA,153,1085,19,5,242719
210,2013,10,25,730,725,5,946,953,-7,UA,1548,N24729,EWR,MSY,174,1167,7,25,49584
211,2013,6,19,1733,1730,3,2125,1904,NA,B6,38,N190JB,JFK,ROC,NA,264,17,30,239769
212,2013,1,27,1325,1330,-5,1652,1705,-13,WN,1078,N428WN,EWR,PHX,309,2133,13,30,22873
213,2013,9,23,1348,1355,-7,1528,1535,-7,MQ,3493,N527MQ,LGA,CLE,66,419,13,55,329758
214,2013,9,24,758,800,-2,1033,1100,-27,AA,33,N338AA,JFK,LAX,313,2475,8,0,330414
215,2013,2,26,1654,1659,-5,2016,2035,-19,UA,1201,N13750,EWR,SAT,245,1569,16,59,134038
216,2013,4,15,1601,1600,1,1751,1731,20,UA,1492,N24224,EWR,ORD,129,719,16,0,178903
217,2013,6,24,2250,2115,95,229,131,58,DL,347,N377DA,JFK,SJU,196,1598,21,15,244606
218,2013,5,24,NA,1659,NA,NA,1843,NA,EV,3825,N16981,EWR,STL,NA,872,16,59,215879
219,2013,5,20,1707,1632,35,1950,1956,-6,B6,675,N649JB,JFK,LAX,312,2475,16,32,211694
220,2013,4,8,2015,1915,60,2323,2233,50,UA,203,N841UA,EWR,LAX,337,2454,19,15,172563
221,2013,7,9,557,600,-3,649,659,-10,US,2161,N754UW,LGA,DCA,37,214,6,0,257664
222,2013,3,19,1743,1745,-2,2134,2120,14,AA,177,N339AA,JFK,SFO,381,2586,17,45,153637
223,2013,3,18,1800,1750,10,2139,2101,38,UA,1139,N57852,EWR,LAX,349,2454,17,50,152731
224,2013,11,12,1542,1545,-3,1652,1705,-13,AA,256,N3FXAA,JFK,BOS,39,187,15,45,66548
225,2013,8,12,2121,2125,-4,2351,2354,-3,B6,97,N552JB,JFK,DEN,231,1626,21,25,291299
226,2013,11,19,822,830,-8,1032,1041,-9,9E,3385,N913XJ,EWR,MSP,165,1008,8,30,72663
227,2013,2,20,1628,1635,-7,1801,1810,-9,MQ,3695,N542MQ,EWR,ORD,114,719,16,35,128567
228,2013,3,24,1001,935,26,1239,1230,9,VX,251,N848VA,JFK,LAS,315,2248,9,35,157856
229,2013,12,28,1524,1515,9,2002,2009,-7,DL,2043,N3749D,JFK,SJU,184,1598,15,15,108338
230,2013,3,11,1601,1540,21,1729,1709,20,EV,3815,N13995,EWR,BNA,127,748,15,40,146043
231,2013,12,20,2016,1928,48,44,2302,102,UA,1526,N13716,EWR,LAX,376,2454,19,28,101653
232,2013,10,11,905,912,-7,1024,1025,-1,B6,208,N296JB,JFK,PWM,51,273,9,12,36713
233,2013,6,24,48,2130,198,259,2359,180,B6,1677,N258JB,JFK,JAX,110,828,21,30,243762
234,2013,1,22,1156,1200,-4,1359,1400,-1,US,1443,N704US,JFK,CLT,100,541,12,0,18576
235,2013,5,15,745,745,0,1045,1045,0,DL,183,N717TW,JFK,SEA,328,2422,7,45,206555
236,2013,3,26,2203,2159,4,102,56,6,B6,11,N529JB,JFK,FLL,153,1069,21,59,160464
237,2013,8,21,726,730,-4,1013,1025,-12,AA,1757,N3EUAA,JFK,TPA,141,1005,7,30,299140
238,2013,11,28,711,708,3,1012,1013,-1,UA,1162,N27722,EWR,MIA,154,1085,7,8,81099
239,2013,9,4,827,830,-3,946,1009,-23,9E,3521,N923XJ,JFK,ORD,107,740,8,30,312003
240,2013,8,5,1625,1630,-5,1959,1959,0,VX,27,N841VA,JFK,SFO,355,2586,16,30,284272
241,2013,7,25,612,605,7,718,720,-2,WN,3574,N746SW,EWR,MDW,99,711,6,5,273180
242,2013,6,10,1902,1825,37,2025,2009,16,EV,5207,N730EV,LGA,BGR,58,378,18,25,231176
243,2013,9,17,1910,1910,0,2242,2215,27,AA,21,N336AA,JFK,LAX,309,2475,19,10,324588
244,2013,2,26,1839,1845,-6,2039,2058,-19,DL,2131,N907DE,LGA,DTW,89,502,18,45,134142
245,2013,1,4,1628,1600,28,1918,1915,3,AA,565,N3GFAA,JFK,DFW,207,1391,16,0,3297
246,2013,9,5,849,855,-6,1224,1244,-20,DL,301,N3745B,JFK,SJU,197,1598,8,55,312985
247,2013,12,19,754,755,-1,926,925,1,WN,398,N254WN,EWR,MDW,119,711,7,55,99964
248,2013,8,22,627,630,-3,848,845,3,DL,575,N307DQ,EWR,ATL,102,746,6,30,300061
249,2013,9,11,2049,2054,-5,2348,2358,-10,B6,1295,N779JB,JFK,AUS,176,1521,20,54,319087
250,2013,8,16,1526,1530,-4,1850,1855,-5,AA,85,N399AA,JFK,SFO,332,2586,15,30,294914
251,2013,6,7,757,800,-3,1049,1050,-1,B6,625,N355JB,JFK,HOU,199,1428,8,0,227913
252,2013,2,25,1701,1649,12,2005,2008,-3,UA,80,N37422,EWR,MIA,164,1085,16,49,133111
253,2013,8,25,625,630,-5,828,847,-19,B6,211,N645JB,JFK,LAS,278,2248,6,30,302786
254,2013,10,16,1519,1525,-6,1726,1726,0,EV,4576,N11199,EWR,GRR,96,605,15,25,41562
255,2013,7,21,1116,1120,-4,1343,1409,-26,UA,703,N525UA,JFK,LAX,305,2475,11,20,269506
256,2013,4,5,1105,1115,-10,1252,1305,-13,MQ,4485,N720MQ,LGA,CMH,81,479,11,15,169350
257,2013,8,21,1257,1259,-2,1540,1551,-11,UA,633,N808UA,LGA,IAH,201,1416,12,59,299463
258,2013,6,27,1823,1829,-6,NA,2033,NA,US,1973,N561UW,EWR,CLT,NA,529,18,29,247453
259,2013,4,12,829,835,-6,1139,1151,-12,DL,857,N37700,JFK,SAN,330,2446,8,35,175788
260,2013,4,10,748,757,-9,915,945,-30,9E,3611,N829AY,JFK,PIT,67,340,7,57,173793
261,2013,9,6,1205,1215,-10,1312,1329,-17,EV,3807,N13969,EWR,ORF,51,284,12,15,314121
262,2013,6,2,1040,1046,-6,1306,1327,-21,B6,41,N613JB,JFK,MCO,121,944,10,46,223241
263,2013,10,4,900,900,0,1200,1206,-6,UA,1581,N53441,EWR,SEA,331,2402,9,0,30184
264,2013,1,9,2014,2020,-6,2245,2245,0,MQ,4662,N503MQ,LGA,ATL,115,762,20,20,7834
265,2013,12,24,1732,1730,2,2041,2109,-28,UA,1284,N17233,EWR,SFO,344,2565,17,30,105078
266,2013,4,6,845,830,15,1106,1106,0,DL,269,N906DE,JFK,ATL,107,760,8,30,170159
267,2013,8,16,540,545,-5,817,813,4,UA,493,N534UA,LGA,IAH,178,1416,5,45,294346
268,2013,1,14,1050,1042,8,1226,1206,20,EV,4694,N13994,EWR,MKE,136,725,10,42,11592
269,2013,9,12,855,901,-6,1111,1110,1,EV,4087,N13123,EWR,IND,95,645,9,1,319439
270,2013,1,13,925,930,-5,1059,1103,-4,9E,3661,N836AY,JFK,ROC,51,264,9,30,10639
271,2013,10,2,846,848,-2,1039,1110,-31,UA,1643,N41140,EWR,DEN,213,1605,8,48,28196
272,2013,8,2,1729,1706,23,2145,2111,34,B6,803,N506JB,JFK,SJU,201,1598,17,6,281576
273,2013,1,21,629,630,-1,819,810,9,B6,905,N239JB,JFK,ORD,142,740,6,30,17371
274,2013,1,10,1748,1753,-5,2104,2105,-1,UA,535,N510UA,JFK,LAX,343,2475,17,53,8609
275,2013,3,13,1753,1800,-7,1856,1913,-17,US,2138,N952UW,LGA,BOS,39,184,18,0,148109
276,2013,7,11,2327,2245,42,23,2359,24,B6,1816,N353JB,JFK,SYR,38,209,22,45,260580
277,2013,8,29,745,750,-5,1048,1044,4,UA,297,N579UA,EWR,LAX,298,2454,7,50,306714
278,2013,10,30,1455,1455,0,1733,1723,10,9E,3326,N918XJ,JFK,IND,116,665,14,55,54555
279,2013,3,26,1710,1715,-5,2035,2024,11,DL,1779,N324US,LGA,FLL,159,1076,17,15,160195
280,2013,4,13,751,756,-5,939,954,-15,EV,4548,N26545,EWR,DTW,88,488,7,56,176705
281,2013,4,23,1648,1655,-7,2017,2010,7,AA,773,N515AA,LGA,DFW,213,1389,16,55,186515
282,2013,3,30,854,900,-6,1109,1116,-7,EV,4686,N34110,EWR,MCI,163,1092,9,0,163599
283,2013,2,23,816,817,-1,904,921,-17,EV,4199,N12967,EWR,ALB,33,143,8,17,130953
284,2013,9,19,818,822,-4,1218,1215,3,B6,403,N505JB,JFK,SJU,201,1598,8,22,325865
285,2013,9,4,801,805,-4,1038,1101,-23,DL,1109,N322NB,LGA,TPA,138,1010,8,5,311962
286,2013,4,9,1141,1145,-4,1410,1431,-21,B6,625,N239JB,JFK,HOU,195,1428,11,45,173014
287,2013,5,17,1153,1200,-7,1316,1311,5,US,2173,N754UW,LGA,DCA,46,214,12,0,208748
288,2013,5,9,1952,1610,222,2123,1749,214,EV,4974,N716EV,LGA,BNA,101,764,16,10,201735
289,2013,4,30,1500,1500,0,1629,1640,-11,MQ,4333,N687MQ,JFK,PIT,61,340,15,0,192986
290,2013,5,17,859,600,179,1038,725,193,UA,709,N423UA,LGA,ORD,110,733,6,0,208607
291,2013,6,29,1244,1241,3,1352,1358,-6,EV,6054,N12201,EWR,IAD,44,212,12,41,249063
292,2013,7,25,1801,1800,1,2052,2039,13,DL,61,N610DL,LGA,ATL,106,762,18,0,273866
293,2013,4,9,742,745,-3,956,1013,-17,DL,807,N302DQ,EWR,ATL,110,746,7,45,172782
294,2013,2,10,1156,1200,-4,1503,1510,-7,AA,3,N319AA,JFK,LAX,342,2475,12,0,119264
295,2013,7,25,2234,2140,54,2355,2310,45,MQ,3317,N504MQ,LGA,RDU,63,431,21,40,274089
296,2013,7,10,1851,1722,89,2138,1858,160,B6,86,N258JB,JFK,ROC,60,264,17,22,259343
297,2013,7,11,1522,1510,12,1645,1643,2,UA,253,N556UA,EWR,ORD,107,719,15,10,260187
298,2013,12,19,2018,2017,1,40,116,-36,UA,1292,N35260,EWR,SJU,183,1608,20,17,100688
299,2013,8,29,1655,1700,-5,1813,1825,-12,US,2189,N704US,LGA,DCA,39,214,17,0,307256
300,2013,3,5,1650,1652,-2,1802,1806,-4,B6,1176,N281JB,EWR,BOS,38,200,16,52,140512
301,2013,11,9,1322,1325,-3,1615,1625,-10,UA,636,N456UA,EWR,FLL,149,1065,13,25,63724
302,2013,1,31,2053,2100,-7,2241,2235,6,MQ,4507,N719MQ,LGA,RDU,75,431,21,0,26846
303,2013,2,14,1856,1903,-7,2014,2022,-8,EV,4131,N14105,EWR,RIC,57,277,19,3,123357
304,2013,10,6,1913,1900,13,2018,2025,-7,WN,490,N710SW,LGA,MKE,108,738,19,0,32395
305,2013,10,6,1849,1820,29,2059,2034,25,9E,3542,N902XJ,JFK,MSP,142,1029,18,20,32367
306,2013,1,15,1103,1105,-2,1241,1245,-4,WN,542,N298WN,LGA,MDW,134,725,11,5,12525
307,2013,9,27,1348,1400,-12,1506,1507,-1,US,2150,N953UW,LGA,BOS,38,184,14,0,333679
308,2013,3,9,1026,1029,-3,1142,1134,8,B6,1026,N534JB,JFK,BOS,36,187,10,29,143995
309,2013,1,19,1353,1400,-7,1611,1636,-25,DL,2247,N542US,LGA,ATL,116,762,14,0,16213
310,2013,3,11,1146,1140,6,1443,1445,-2,AA,1623,N3BWAA,EWR,MIA,150,1085,11,40,145803
311,2013,10,15,723,730,-7,909,929,-20,DL,831,N368NB,LGA,DTW,81,502,7,30,40131
312,2013,4,14,2058,2105,-7,2305,2305,0,MQ,4573,N725MQ,LGA,DTW,79,502,21,5,178229
313,2013,2,14,651,700,-9,815,807,8,US,2163,N747UW,LGA,DCA,43,214,7,0,122647
314,2013,4,2,1523,1520,3,1804,1811,-7,B6,537,N630JB,EWR,TPA,144,997,15,20,166607
315,2013,6,6,2035,2034,1,9,30,-21,UA,1071,N17245,EWR,BQN,191,1585,20,34,227689
316,2013,1,19,1705,1705,0,1955,2010,-15,AA,1905,N4YFAA,EWR,DFW,213,1372,17,5,16375
317,2013,5,5,1322,1325,-3,1430,1430,0,US,1279,N747UW,LGA,PHL,37,96,13,25,197470
318,2013,9,8,2117,2125,-8,2249,2247,2,EV,5489,N611QX,LGA,CHO,47,305,21,25,316251
319,2013,4,4,1322,1325,-3,1631,1650,-19,VX,411,N641VA,JFK,LAX,336,2475,13,25,168475
320,2013,3,8,NA,1730,NA,NA,1936,NA,EV,4382,N14570,EWR,DTW,NA,488,17,30,143580
321,2013,1,8,1644,1630,14,1941,1925,16,UA,1178,N66057,EWR,IAH,208,1400,16,30,6717
322,2013,12,4,716,720,-4,1041,1045,-4,AA,1345,N338AA,JFK,MIA,146,1089,7,20,86224
323,2013,6,15,1429,1435,-6,1634,1710,-36,B6,615,N348JB,JFK,JAX,107,828,14,35,235775
324,2013,10,26,1423,1430,-7,1617,1632,-15,9E,3426,N928XJ,EWR,MSP,153,1008,14,30,50843
325,2013,8,24,1807,1813,-6,1932,2005,-33,UA,1053,N33262,EWR,CLE,62,404,18,13,302608
326,2013,3,13,1027,859,88,1228,1111,77,EV,4107,N11113,EWR,CVG,100,569,8,59,147675
327,2013,11,22,2020,2019,1,2348,2345,3,UA,1224,N77261,EWR,LAX,362,2454,20,19,76326
328,2013,6,30,814,815,-1,940,930,10,MQ,3370,N816MQ,JFK,DCA,51,213,8,15,249683
329,2013,10,16,1712,1707,5,1905,1913,-8,B6,1119,N323JB,JFK,CLT,86,541,17,7,41696
330,2013,2,3,1742,1722,20,1900,1844,16,EV,4300,N14562,EWR,RIC,51,277,17,22,113493
331,2013,6,25,749,751,-2,913,921,-8,UA,1172,N75425,EWR,ORD,112,719,7,51,244886
332,2013,9,2,2126,1959,87,22,2201,141,EV,4543,N14998,EWR,DSM,159,1017,19,59,310656
333,2013,6,11,609,610,-1,723,725,-2,WN,273,N8307K,LGA,MDW,109,725,6,10,231450
334,2013,5,29,1917,1925,-8,2153,2219,-26,DL,1485,N944DL,LGA,MCO,125,950,19,25,220083
335,2013,1,16,623,630,-7,849,831,18,US,1125,N108UW,EWR,CLT,100,529,6,30,13133
336,2013,8,25,1207,1209,-2,1311,1316,-5,B6,1191,N355JB,JFK,ACK,40,199,12,9,303081
337,2013,1,7,1716,1720,-4,2052,2033,19,DL,1779,N335NW,LGA,FLL,161,1076,17,20,5848
338,2013,1,4,1058,1055,3,1346,1405,-19,AA,739,N3FMAA,LGA,DFW,210,1389,10,55,3016
339,2013,9,3,1827,1830,-3,2125,2140,-15,B6,305,N828JB,EWR,FLL,161,1065,18,30,311616
340,2013,5,30,1707,1710,-3,1917,1934,-17,DL,2042,N309DE,EWR,ATL,100,746,17,10,220914
341,2013,11,12,822,803,19,1126,1143,-17,UA,1583,N14231,EWR,SFO,342,2565,8,3,66138
342,2013,1,29,601,610,-9,901,915,-14,AA,1837,N3FYAA,LGA,MIA,151,1096,6,10,24313
343,2013,3,15,1647,1650,-3,1808,1820,-12,AA,1790,N3HWAA,JFK,BOS,43,187,16,50,149979
344,2013,8,16,854,900,-6,1313,1305,8,AA,1357,N5FTAA,JFK,SJU,215,1598,9,0,294571
345,2013,3,13,1458,1505,-7,1624,1640,-16,9E,4105,N8598B,JFK,IAD,53,228,15,5,147898
346,2013,5,28,1328,1250,38,1546,1513,33,EV,4095,N13992,EWR,ATL,110,746,12,50,218736
347,2013,5,2,2011,2020,-9,2241,2245,-4,MQ,4662,N511MQ,LGA,ATL,107,762,20,20,195266
348,2013,12,1,1830,1835,-5,1958,2020,-22,AA,359,N3JCAA,LGA,ORD,114,733,18,35,83932
349,2013,12,2,1815,1805,10,2115,2059,16,UA,1637,N36280,EWR,TPA,138,997,18,5,84932
350,2013,10,13,1710,1715,-5,1839,1905,-26,AA,345,N4YJAA,LGA,ORD,109,733,17,15,38762
351,2013,10,13,2251,2255,-4,4,2358,6,B6,718,N558JB,JFK,BOS,40,187,22,55,39028
352,2013,10,13,1825,1659,86,2059,1930,89,EV,4705,N13550,EWR,ATL,107,746,16,59,38843
353,2013,11,11,1628,1550,38,1758,1730,28,MQ,3416,N542MQ,LGA,RDU,66,431,15,50,65634
354,2013,12,5,1310,1315,-5,1506,1523,-17,9E,3795,N8847A,EWR,CVG,98,569,13,15,87407
355,2013,12,13,2150,2157,-7,2247,2305,-18,UA,736,N421UA,EWR,BOS,36,200,21,57,95358
356,2013,8,23,842,844,-2,1141,1139,2,UA,1401,N33292,EWR,MIA,146,1085,8,44,301216
357,2013,3,24,1800,1700,60,2041,1924,77,DL,2042,N310DE,EWR,ATL,128,746,17,0,158283
358,2013,4,15,1854,1900,-6,2013,2056,-43,9E,3334,N600LR,JFK,PIT,62,340,19,0,179098
359,2013,10,13,1643,1620,23,1803,1755,8,DL,2443,N337NB,JFK,BOS,35,187,16,20,38723
360,2013,6,12,1856,1900,-4,2201,2226,-25,DL,2007,N3773D,JFK,PDX,333,2454,19,0,233192
361,2013,12,11,2100,2100,0,2248,2225,23,MQ,3660,N514MQ,LGA,BNA,139,764,21,0,93389
362,2013,9,4,819,822,-3,1032,1037,-5,EV,4419,N23139,EWR,XNA,165,1131,8,22,311986
363,2013,12,21,1756,1720,36,2030,1948,42,FL,1101,N982AT,LGA,ATL,126,762,17,20,102392
364,2013,1,21,1112,1116,-4,1403,1414,-11,UA,1143,N13716,EWR,PBI,161,1023,11,16,17638
365,2013,10,31,1500,1505,-5,1647,1655,-8,MQ,3391,N811MQ,LGA,CMH,80,479,15,5,55520
366,2013,10,2,1541,1545,-4,1743,1805,-22,WN,3580,N912WN,EWR,DEN,218,1605,15,45,28572
367,2013,11,6,558,600,-2,908,933,-25,UA,303,N588UA,JFK,SFO,353,2586,6,0,60438
368,2013,4,11,1255,1259,-4,1532,1536,-4,DL,781,N907DE,LGA,ATL,113,762,12,59,175023
369,2013,12,10,901,905,-4,1325,1225,60,VX,161,N838VA,EWR,LAX,372,2454,9,5,91743
370,2013,4,17,852,900,-8,1128,1115,13,DL,181,N318US,LGA,DTW,88,502,9,0,180476
371,2013,7,19,906,800,66,1058,1019,39,9E,3507,N905XJ,JFK,MSY,152,1182,8,0,267654
372,2013,7,14,2000,1901,59,2243,2213,30,B6,201,N231JB,JFK,FLL,134,1069,19,1,263277
373,2013,9,14,809,810,-1,1014,1029,-15,DL,1743,N3745B,JFK,ATL,99,760,8,10,321301
374,2013,10,20,617,620,-3,730,740,-10,WN,423,N8303R,LGA,MDW,117,725,6,20,44647
375,2013,8,5,539,540,-1,825,840,-15,AA,701,N622AA,JFK,MIA,141,1089,5,40,283619
376,2013,8,26,1951,2000,-9,2055,2112,-17,US,2162,N961UW,LGA,BOS,39,184,20,0,304527
377,2013,8,26,718,720,-2,819,845,-26,WN,1705,N217JC,EWR,BNA,101,748,7,20,303776
378,2013,4,23,1925,1900,25,2051,2043,8,DL,975,N315NB,LGA,PIT,63,335,19,0,186673
379,2013,1,16,1251,1300,-9,1557,1537,20,DL,781,N665DN,LGA,ATL,131,762,13,0,13474
380,2013,10,10,1605,1559,6,1842,1906,-24,UA,375,N482UA,EWR,SEA,314,2402,15,59,36084
381,2013,10,3,849,857,-8,1203,1151,12,UA,997,N515UA,EWR,LAX,325,2454,8,57,29172
382,2013,7,22,940,940,0,1100,1110,-10,WN,1098,N274WN,LGA,MKE,108,738,9,40,270426
383,2013,3,17,1554,1557,-3,1808,1754,14,9E,3523,N604LR,JFK,ORD,145,740,15,57,151602
384,2013,5,4,616,620,-4,851,952,-61,UA,421,N848UA,EWR,SFO,319,2565,6,20,196368
385,2013,5,3,1815,1659,76,1949,1842,67,UA,1189,N16701,EWR,ORD,114,719,16,59,196106
386,2013,7,17,1737,1745,-8,2106,2110,-4,AA,1611,N3EGAA,LGA,MIA,146,1096,17,45,266124
387,2013,11,10,1855,1845,10,2218,2152,26,DL,2391,N963DL,JFK,TPA,148,1005,18,45,64802
388,2013,4,21,1340,1330,10,1643,1606,37,B6,127,N294JB,EWR,MCO,157,937,13,30,184402
389,2013,10,7,1624,1315,189,1923,1513,250,EV,5395,N722EV,LGA,CMH,77,479,13,15,33139
390,2013,12,22,1618,1450,88,1807,1650,77,MQ,3199,N527MQ,LGA,CLT,90,544,14,50,103130
391,2013,11,30,1304,1200,64,1508,1423,45,EV,5333,N751EV,LGA,CHS,90,641,12,0,82682
392,2013,11,4,1002,1000,2,1558,1555,3,HA,51,N393HA,JFK,HNL,636,4983,10,0,58764
393,2013,1,23,623,615,8,822,820,2,US,1791,N747UW,JFK,CLT,93,541,6,15,19153
394,2013,7,30,652,659,-7,748,820,-32,UA,751,N413UA,EWR,BOS,37,200,6,59,277964
395,2013,8,20,556,600,-4,700,720,-20,UA,1686,N81449,EWR,BOS,46,200,6,0,298040
396,2013,8,19,1922,1936,-14,2244,2233,11,B6,1271,N779JB,LGA,FLL,162,1076,19,36,297883
397,2013,3,14,1404,1315,49,1541,1504,37,US,1895,N173US,EWR,CLT,81,529,13,15,148830
398,2013,9,6,1859,1900,-1,2122,2132,-10,DL,947,N908DL,LGA,ATL,102,762,19,0,314544
399,2013,4,11,1456,1325,91,1658,1500,118,AA,331,N4WWAA,LGA,ORD,117,733,13,25,175120
400,2013,6,21,1710,1716,-6,1839,1848,-9,B6,408,N283JB,JFK,PWM,51,273,17,16,241718
401,2013,3,29,848,855,-7,1043,1108,-25,EV,4984,N131EV,EWR,DTW,75,488,8,55,162655
402,2013,12,24,1633,1558,35,1802,1731,31,UA,1492,N17244,EWR,ORD,111,719,15,58,105019
403,2013,11,26,626,630,-4,1017,938,39,B6,929,N657JB,JFK,RSW,172,1074,6,30,79055
404,2013,4,30,1449,1325,84,1718,1626,52,UA,1054,N19141,EWR,LAX,305,2454,13,25,192969
405,2013,12,5,1343,1251,52,1741,1630,71,UA,998,N457UA,EWR,PHX,333,2133,12,51,87430
406,2013,4,27,926,932,-6,1030,1042,-12,B6,1004,N635JB,JFK,BOS,35,187,9,32,190000
407,2013,8,3,949,955,-6,1256,1250,6,AA,731,N548AA,LGA,DFW,194,1389,9,55,282100
408,2013,12,2,1823,1435,228,1951,1625,206,EV,5391,N709EV,LGA,MSN,114,812,14,35,84942
409,2013,4,5,1642,1648,-6,1754,1806,-12,EV,4255,N14952,EWR,ROC,48,246,16,48,169672
410,2013,9,12,NA,1829,NA,NA,2010,NA,UA,589,NA,EWR,ORD,NA,719,18,29,320163
411,2013,1,25,1544,1545,-1,1800,1815,-15,DL,1942,N343NB,EWR,ATL,118,746,15,45,21478
412,2013,11,21,2030,2040,-10,2348,2326,22,EV,4204,N11140,EWR,OKC,230,1325,20,40,75355
413,2013,9,7,624,630,-6,852,952,-60,UA,1299,N87531,EWR,SFO,309,2565,6,30,314726
414,2013,5,20,1438,1435,3,1758,1735,23,UA,1534,N57439,EWR,MIA,171,1085,14,35,211517
415,2013,2,22,810,800,10,1110,1116,-6,B6,553,N665JB,EWR,RSW,159,1068,8,0,130019
416,2013,3,14,1734,1650,44,1917,1855,22,EV,4997,N748EV,EWR,DTW,79,488,16,50,149057
417,2013,6,16,1619,1625,-6,1753,1808,-15,DL,402,N344NB,JFK,BOS,40,187,16,25,236722
418,2013,3,4,NA,1427,NA,NA,1626,NA,EV,4975,N722EV,EWR,MSP,NA,1008,14,27,139846
419,2013,11,14,1109,1115,-6,1226,1252,-26,EV,5273,N753EV,LGA,PIT,54,335,11,15,68254
420,2013,9,29,1342,1345,-3,1626,1702,-36,DL,476,N337NB,LGA,MIA,137,1096,13,45,335271
421,2013,2,4,1715,1705,10,2026,2015,11,UA,1259,N14731,LGA,IAH,225,1416,17,5,114379
422,2013,12,7,2035,2015,20,6,2343,23,DL,427,N188DN,JFK,LAX,353,2475,20,15,89672
423,2013,10,27,1121,1125,-4,1249,1310,-21,AA,327,N3DXAA,LGA,ORD,118,733,11,25,51434
424,2013,5,12,755,800,-5,1054,1050,4,B6,625,N193JB,JFK,HOU,223,1428,8,0,203695
425,2013,4,13,1935,1937,-2,2233,2256,-23,B6,147,N527JB,JFK,RSW,157,1074,19,37,177285
426,2013,5,24,755,800,-5,927,913,14,US,2165,N753US,LGA,DCA,54,214,8,0,215039
427,2013,3,5,1319,1315,4,1527,1520,7,MQ,4564,N711MQ,LGA,DTW,83,502,13,15,140294
428,2013,3,14,949,956,-7,1241,1240,1,B6,197,N585JB,JFK,LAS,304,2248,9,56,148625
429,2013,2,1,640,645,-5,850,846,4,US,926,N560UW,EWR,CLT,95,529,6,45,111356
430,2013,10,16,1448,1450,-2,1724,1755,-31,UA,395,N405UA,EWR,FLL,138,1065,14,50,41513
431,2013,3,27,1337,1310,27,1505,1447,18,EV,4681,N11176,EWR,GSO,72,445,13,10,160940
432,2013,9,21,1154,1200,-6,1241,1257,-16,EV,3847,N14562,EWR,BDL,29,116,12,0,327966
433,2013,10,27,1544,1545,-1,1936,1944,-8,DL,689,N3753,JFK,SJU,198,1598,15,45,51665
434,2013,8,14,1434,1329,65,1615,1537,38,EV,4193,N14168,EWR,MSP,143,1008,13,29,292854
435,2013,9,9,737,740,-3,850,900,-10,MQ,3709,N511MQ,EWR,ORD,105,719,7,40,316413
436,2013,7,9,1845,1708,97,2212,1837,NA,EV,5824,N16559,EWR,ORF,NA,284,17,8,258403
437,2013,3,25,847,854,-7,1020,1043,-23,UA,649,N442UA,EWR,CLE,69,404,8,54,158739
438,2013,12,31,2152,2155,-3,2325,2334,-9,B6,985,N281JB,JFK,RDU,74,427,21,55,111266
439,2013,12,4,2245,2030,135,4,2205,119,WN,3494,N791SW,EWR,MDW,116,711,20,30,87070
440,2013,8,21,1950,1935,15,2158,2140,18,EV,4361,N15910,EWR,TYS,95,631,19,35,299893
441,2013,4,15,1859,1905,-6,2206,2210,-4,UA,1673,N73276,EWR,RSW,158,1068,19,5,179114
442,2013,9,30,1113,1053,20,1233,1228,5,EV,3828,N11137,EWR,RDU,62,416,10,53,336146
443,2013,2,24,1751,1720,31,1931,1910,21,AA,345,N439AA,LGA,ORD,120,733,17,20,132205
444,2013,11,4,2123,2100,23,2311,2235,36,MQ,3317,N0EGMQ,LGA,RDU,70,431,21,0,59413
445,2013,3,18,1350,1359,-9,1552,1600,-8,EV,4370,N12135,EWR,CHS,102,628,13,59,152477
446,2013,3,18,857,900,-3,1214,1224,-10,DL,120,N705TW,JFK,LAX,336,2475,9,0,152238
447,2013,2,13,858,900,-2,1204,1205,-1,DL,1885,N348NW,LGA,MCO,153,950,9,0,121866
448,2013,2,8,NA,1615,NA,NA,1845,NA,WN,161,N725SW,EWR,DEN,NA,1605,16,15,118151
449,2013,5,19,NA,1929,NA,NA,2155,NA,EV,5181,N753EV,EWR,ATL,NA,746,19,29,211004
450,2013,4,23,1056,1100,-4,1347,1330,17,DL,1647,N668DN,LGA,ATL,107,762,11,0,186225
451,2013,3,16,857,900,-3,1147,1116,31,EV,4686,N16112,EWR,MCI,185,1092,9,0,150492
452,2013,3,7,1505,1510,-5,1836,1818,18,UA,1665,N14118,EWR,LAX,332,2454,15,10,142267
453,2013,11,26,2035,2028,7,2202,2206,-4,UA,1464,N39416,EWR,CLE,64,404,20,28,79911
454,2013,4,29,1202,1210,-8,1442,1510,-28,AA,743,N4YTAA,LGA,DFW,186,1389,12,10,191863
455,2013,12,16,1550,1600,-10,1729,1730,-1,MQ,3734,N511MQ,LGA,BNA,117,764,16,0,97549
456,2013,2,12,556,600,-4,740,759,-19,DL,731,N339NB,LGA,DTW,87,502,6,0,120765
457,2013,1,4,940,855,45,1145,1101,44,EV,4164,N11113,EWR,DTW,88,488,8,55,2955
458,2013,3,1,1748,1753,-5,2011,2105,-54,UA,535,N560UA,JFK,LAX,300,2475,17,53,136949
459,2013,2,10,557,559,-2,915,930,-15,UA,691,N525UA,JFK,SFO,358,2586,5,59,119002
460,2013,4,17,2016,2015,1,2217,2239,-22,9E,4033,N8543F,LGA,TYS,94,647,20,15,181115
461,2013,11,3,553,600,-7,1028,1043,-15,B6,1403,N507JB,JFK,SJU,200,1598,6,0,57572
462,2013,9,10,1659,1700,-1,1946,2008,-22,DL,1394,N3752,JFK,PDX,311,2454,17,0,317963
463,2013,1,26,1303,1310,-7,1740,1805,-25,DL,315,N3745B,JFK,SJU,193,1598,13,10,22177
464,2013,10,3,1724,1720,4,2012,2010,2,UA,652,N471UA,EWR,IAH,191,1400,17,20,29665
465,2013,3,26,811,815,-4,1117,1115,2,DL,1167,N307DQ,JFK,TPA,159,1005,8,15,159685
466,2013,9,27,1221,1223,-2,1322,1334,-12,UA,436,N414UA,EWR,BOS,38,200,12,23,333605
467,2013,7,7,906,915,-9,1013,1039,-26,DL,867,N330NB,JFK,BOS,39,187,9,15,255925
468,2013,3,9,2249,2250,-1,2355,5,-10,B6,30,N354JB,JFK,ROC,46,264,22,50,144504
469,2013,5,11,1154,1200,-6,1300,1312,-12,EV,4228,N11551,EWR,BUF,48,282,12,0,203156
470,2013,9,22,1837,1842,-5,2002,2019,-17,EV,5274,N612QX,LGA,BNA,102,764,18,42,329084
471,2013,9,5,2025,2013,12,2222,2220,2,EV,4570,N15910,EWR,GRR,92,605,20,13,313658
472,2013,8,12,642,645,-3,836,845,-9,B6,675,N193JB,JFK,MSY,159,1182,6,45,290419
473,2013,10,7,1449,1455,-6,1751,1750,1,AA,2285,N5ETAA,JFK,MCO,135,944,14,55,33058
474,2013,2,5,1933,1920,13,2250,2258,-8,DL,6,N3745B,JFK,SLC,295,1990,19,20,115434
475,2013,5,10,1647,1645,2,1848,1851,-3,DL,1473,N325NB,LGA,MEM,155,963,16,45,202534
476,2013,3,4,1309,1315,-6,1453,1504,-11,US,1895,N187US,EWR,CLT,82,529,13,15,139314
477,2013,1,16,1808,1800,8,2053,2043,10,DL,1047,N692DL,LGA,ATL,133,762,18,0,13751
478,2013,1,27,613,615,-2,846,842,4,DL,575,N366NB,EWR,ATL,112,746,6,15,22556
479,2013,4,15,639,644,-5,841,855,-14,EV,4122,N14952,EWR,SDF,100,642,6,44,178363
480,2013,2,20,814,800,14,1111,1116,-5,B6,553,N593JB,EWR,RSW,158,1068,8,0,128123
481,2013,7,31,2056,2100,-4,2258,2250,8,MQ,3384,N510MQ,LGA,CLT,79,544,21,0,279815
482,2013,6,9,634,630,4,906,904,2,UA,1640,N78501,LGA,IAH,195,1416,6,30,229552
483,2013,7,4,1238,1245,-7,1342,1355,-13,AA,1850,N3GRAA,JFK,BOS,39,187,12,45,253683
484,2013,10,1,1506,1509,-3,1709,1731,-22,UA,745,N519UA,LGA,DEN,213,1620,15,9,27576
485,2013,9,28,1427,1430,-3,1605,1624,-19,EV,5044,N741EV,EWR,MSP,141,1008,14,30,334578
486,2013,9,11,819,817,2,1019,1023,-4,9E,3353,N929XJ,JFK,DTW,81,509,8,17,318425
487,2013,12,18,1100,1100,0,1206,1210,-4,MQ,3230,N513MQ,JFK,DCA,39,213,11,0,99188
488,2013,9,14,802,800,2,1110,1110,0,DL,2190,N953DL,JFK,MIA,156,1089,8,0,321296
489,2013,10,21,1732,1725,7,2023,2019,4,UA,1109,N29124,EWR,MCO,148,937,17,25,46289
490,2013,7,29,1943,1721,142,2218,1958,140,UA,278,N547UA,EWR,IAH,171,1400,17,21,277721
491,2013,5,17,1855,1900,-5,2213,2238,-25,DL,87,N713TW,JFK,LAX,326,2475,19,0,209173
492,2013,7,12,1009,1015,-6,1229,1209,20,EV,4517,N11109,EWR,CHS,101,628,10,15,260956
493,2013,11,3,1024,1027,-3,1138,1151,-13,EV,4187,N11544,EWR,BNA,117,748,10,27,57818
494,2013,1,23,2040,1729,191,2338,2049,169,AA,543,N365AA,JFK,MIA,151,1089,17,29,19953
495,2013,1,20,1928,1857,31,2234,2201,33,UA,891,N404UA,LGA,IAH,215,1416,18,57,17205
496,2013,3,17,722,729,-7,1011,1026,-15,B6,361,N760JB,LGA,PBI,145,1035,7,29,151155
497,2013,5,23,2349,2030,199,46,2150,176,WN,490,N494WN,EWR,MDW,97,711,20,30,214689
498,2013,10,22,2120,2129,-9,2243,2239,4,EV,4509,N14993,EWR,PWM,48,284,21,29,47474
499,2013,3,1,1010,1000,10,1130,1137,-7,UA,1460,N26210,LGA,ORD,108,733,10,0,136536
500,2013,12,14,1147,1130,17,1502,1435,27,AA,1623,N3DYAA,EWR,MIA,159,1085,11,30,95664
501,2013,12,18,1632,1630,2,2121,2130,-9,AA,95,N623AA,JFK,SJU,202,1598,16,30,99493
502,2013,3,3,2000,1845,75,2326,2210,76,B6,171,N536JB,JFK,SMF,354,2521,18,45,138772
503,2013,11,16,739,740,-1,855,910,-15,WN,2339,N774SW,LGA,BNA,119,764,7,40,69968
504,2013,12,7,759,759,0,1004,1004,0,B6,1273,N184JB,JFK,CHS,102,636,7,59,89126
505,2013,7,3,825,830,-5,1027,1039,-12,EV,4419,N14179,EWR,XNA,159,1131,8,30,252560
506,2013,12,6,1655,1659,-4,2052,2034,18,B6,167,N662JB,JFK,OAK,390,2576,16,59,88673
507,2013,2,18,1824,1805,19,2008,1955,13,MQ,4626,N534MQ,LGA,CMH,76,479,18,5,126813
508,2013,8,1,1605,1500,65,1748,1647,61,UA,685,N447UA,LGA,ORD,108,733,15,0,280446
509,2013,1,5,820,755,25,916,905,11,WN,3517,N429WN,LGA,BWI,38,185,7,55,3750
510,2013,10,24,1018,1000,18,1143,1130,13,EV,5736,N909EV,LGA,IAD,51,229,10,0,48785
511,2013,10,26,1053,1055,-2,1346,1353,-7,B6,1,N615JB,JFK,FLL,148,1069,10,55,50711
512,2013,5,31,1455,1445,10,1804,1805,-1,AA,1925,N3HGAA,LGA,MIA,143,1096,14,45,221757
513,2013,9,19,852,829,23,1025,1001,24,9E,3579,N8921B,LGA,IAD,40,229,8,29,325909
514,2013,5,20,1606,1500,66,1726,1638,48,UA,741,N408UA,LGA,ORD,100,733,15,0,211618
515,2013,7,26,617,615,2,754,808,-14,US,1125,N128UW,JFK,CLT,71,541,6,15,274184
516,2013,6,4,1752,1700,52,2131,2054,37,DL,329,N3767,JFK,SJU,192,1598,17,0,225585
517,2013,7,5,723,725,-2,824,845,-21,WN,2463,N554WN,EWR,BNA,103,748,7,25,254162
518,2013,4,12,658,700,-2,955,947,8,B6,987,N592JB,JFK,MCO,142,944,7,0,175701
519,2013,12,19,1519,1520,-1,1759,1750,9,MQ,3553,N6EAMQ,LGA,XNA,183,1147,15,20,100380
520,2013,9,6,1311,1312,-1,1611,1624,-13,B6,1639,N531JB,LGA,RSW,154,1080,13,12,314173
521,2013,3,30,605,615,-10,711,723,-12,B6,380,N249JB,EWR,BOS,39,200,6,15,163450
522,2013,9,29,1120,1115,5,1406,1428,-22,9E,3493,N903XJ,LGA,SRQ,130,1047,11,15,335155
523,2013,6,12,1038,1045,-7,1211,1241,-30,EV,5033,N712EV,LGA,MEM,126,963,10,45,232712
524,2013,3,4,1346,1350,-4,1657,1715,-18,US,186,N659AW,EWR,PHX,297,2133,13,50,139339
525,2013,11,16,1820,1830,-10,1940,1950,-10,MQ,3486,N514MQ,LGA,BNA,123,764,18,30,70482
526,2013,3,6,1456,1455,1,1633,1645,-12,AA,337,N579AA,LGA,ORD,116,733,14,55,141287
527,2013,8,6,926,930,-4,1033,1048,-15,B6,586,N294JB,JFK,ROC,49,264,9,30,284874
528,2013,3,8,11,2230,101,437,312,85,B6,713,N509JB,JFK,SJU,186,1598,22,30,142782
529,2013,3,5,801,805,-4,1053,1106,-13,DL,2395,N310NW,LGA,PBI,147,1035,8,5,140018
530,2013,1,3,944,745,119,1112,930,102,AA,309,N578AA,LGA,ORD,128,733,7,45,2038
531,2013,9,17,2203,2045,78,2256,2153,63,B6,2680,N292JB,EWR,BOS,40,200,20,45,324700
532,2013,11,7,NA,1345,NA,NA,1520,NA,MQ,3305,N523MQ,LGA,RDU,NA,431,13,45,62370
533,2013,3,3,1020,1029,-9,1200,1235,-35,EV,5134,N751EV,EWR,DTW,77,488,10,29,138218
534,2013,8,19,1254,1252,2,1516,1502,14,EV,4227,N12195,EWR,MSY,183,1167,12,52,297471
535,2013,6,28,818,820,-2,1011,1043,-32,EV,5537,N760EV,LGA,MCI,151,1107,8,20,247918
536,2013,3,23,1527,1535,-8,1717,1714,3,9E,4178,N8423C,JFK,ROC,52,264,15,35,157315
537,2013,5,29,941,955,-14,1139,1210,-31,9E,4060,N602XJ,LGA,DAY,82,549,9,55,219527
538,2013,6,5,1141,1046,55,1256,1205,51,EV,4510,N19554,EWR,MKE,119,725,10,46,226183
539,2013,4,21,900,900,0,1225,1215,10,AA,647,N5EVAA,JFK,MIA,161,1089,9,0,184175
540,2013,11,29,2033,2035,-2,2143,2200,-17,WN,1419,N439WN,LGA,MDW,113,725,20,35,82260
541,2013,5,27,1632,1630,2,1852,1853,-1,FL,716,N954AT,LGA,ATL,106,762,16,30,217951
542,2013,7,1,1024,1030,-6,1416,1345,31,AA,179,N319AA,JFK,SFO,333,2586,10,30,250727
543,2013,9,12,1914,1645,149,52,2015,NA,B6,415,N597JB,JFK,SFO,NA,2586,16,45,319848
544,2013,11,28,850,855,-5,1343,1342,1,DL,301,N3750D,JFK,SJU,207,1598,8,55,81204
545,2013,5,27,1549,1500,49,1717,1645,32,AA,341,N578AA,LGA,ORD,117,733,15,0,217898
546,2013,12,25,643,630,13,904,859,5,DL,807,N977AT,EWR,ATL,115,746,6,30,105262
547,2013,7,7,750,755,-5,852,930,-38,AA,309,N4YJAA,LGA,ORD,104,733,7,55,255840
548,2013,3,10,953,959,-6,1225,1255,-30,UA,709,N487UA,EWR,MCO,128,937,9,59,144742
549,2013,11,8,1611,1615,-4,1825,1838,-13,UA,308,N818UA,EWR,DEN,235,1605,16,15,63008
550,2013,1,1,2121,2040,41,6,2323,43,B6,227,N307JB,EWR,MCO,143,937,20,40,806
551,2013,2,19,701,659,2,1014,959,15,AA,1815,N5EUAA,JFK,MCO,144,944,6,59,127110
552,2013,10,25,1633,1635,-2,1815,1815,0,MQ,2949,N681MQ,JFK,BNA,113,765,16,35,50117
553,2013,12,8,748,750,-2,1232,1255,-23,AA,936,N5FGAA,JFK,STT,198,1623,7,50,89801
554,2013,10,1,1955,2000,-5,2144,2211,-27,YV,2677,N910FJ,LGA,CLT,77,544,20,0,27880
555,2013,9,7,1550,1600,-10,1757,1905,-68,AA,1156,N3EHAA,LGA,DFW,171,1389,16,0,315163
556,2013,7,23,2315,2135,100,233,30,123,B6,1201,N641JB,JFK,FLL,135,1069,21,35,272021
557,2013,11,11,2353,2359,-6,443,437,6,B6,839,N627JB,JFK,BQN,192,1576,23,59,65954
558,2013,9,15,1815,1800,15,2003,2001,2,DL,2331,N343NB,LGA,DTW,81,502,18,0,322558
559,2013,7,10,NA,2140,NA,NA,2300,NA,MQ,3621,N846MQ,JFK,DCA,NA,213,21,40,259628
560,2013,10,26,1855,1900,-5,2121,2131,-10,DL,245,N3745B,JFK,PHX,289,2153,19,0,51064
561,2013,10,5,637,640,-3,855,905,-10,DL,27,N3740C,JFK,ATL,106,760,6,40,30976
562,2013,3,19,1731,1740,-9,1904,1925,-21,WN,3428,N429WN,EWR,STL,136,872,17,40,153620
563,2013,9,3,723,726,-3,1059,1048,11,UA,1651,N39450,EWR,SFO,325,2565,7,26,310955
564,2013,9,15,607,615,-8,735,813,-38,US,1989,N762US,EWR,CLT,71,529,6,15,321878
565,2013,8,15,730,611,79,1116,954,82,B6,1403,N635JB,JFK,SJU,196,1598,6,11,293471
566,2013,7,12,1622,1459,83,1917,1737,100,DL,451,N548US,LGA,ATL,126,762,14,59,261295
567,2013,9,25,1152,1159,-7,1448,1453,-5,B6,323,N524JB,JFK,LAX,328,2475,11,59,331594
568,2013,5,8,731,736,-5,846,854,-8,EV,4218,N11155,EWR,BNA,102,748,7,36,200056
569,2013,2,4,2113,2046,27,2357,2318,39,EV,4645,N16961,EWR,JAX,139,820,20,46,114603
570,2013,5,7,1209,1217,-8,1353,1414,-21,EV,3852,N12569,EWR,DAY,80,533,12,17,199371
571,2013,3,6,844,845,-1,1050,1057,-7,US,1429,N705UW,LGA,CLT,86,544,8,45,141027
572,2013,10,2,1708,1714,-6,1810,1839,-29,B6,918,N203JB,JFK,BOS,40,187,17,14,28678
573,2013,6,19,1501,1455,6,1822,1830,-8,AA,779,N3CSAA,LGA,MIA,154,1096,14,55,239579
574,2013,8,17,1207,1210,-3,1315,1350,-35,AA,329,N514AA,LGA,ORD,105,733,12,10,295660
575,2013,4,18,834,815,19,1113,1038,35,FL,346,N982AT,LGA,ATL,105,762,8,15,181433
576,2013,2,8,1126,1140,-14,1450,1445,5,AA,1623,N3EHAA,EWR,MIA,158,1085,11,40,117680
577,2013,11,6,1537,1540,-3,1719,1715,4,UA,312,N817UA,EWR,CLE,67,404,15,40,61007
578,2013,7,12,1157,1200,-3,1521,1507,14,UA,580,N518UA,JFK,SFO,329,2586,12,0,261046
579,2013,7,30,2055,2100,-5,2350,12,-22,DL,2065,N3754A,JFK,FLL,132,1069,21,0,278805
580,2013,10,7,738,742,-4,1004,1052,-48,UA,1455,N27213,EWR,LAX,309,2454,7,42,32671
581,2013,1,2,804,805,-1,1039,1110,-31,UA,423,N528UA,EWR,PDX,310,2434,8,5,995
582,2013,4,20,924,930,-6,1308,1255,13,AA,179,N328AA,JFK,SFO,363,2586,9,30,183413
583,2013,10,3,1937,1840,57,2105,1958,67,EV,4131,N16954,EWR,RIC,55,277,18,40,29816
584,2013,10,5,851,859,-8,1050,1102,-12,EV,4380,N13202,EWR,MSP,153,1008,8,59,31102
585,2013,4,4,1312,1310,2,1453,1447,6,EV,4681,N17560,EWR,GSO,80,445,13,10,168467
586,2013,4,9,2020,1935,45,2234,2159,35,EV,4333,N14171,EWR,TUL,174,1215,19,35,173525
587,2013,10,4,2103,2059,4,2250,2255,-5,EV,4368,N11165,EWR,DAY,79,533,20,59,30892
588,2013,12,12,1805,1800,5,1920,1919,1,US,2191,N705UW,LGA,DCA,46,214,18,0,94190
589,2013,10,2,1706,1659,7,1920,1939,-19,UA,306,N482UA,EWR,LAS,290,2227,16,59,28677
590,2013,9,5,702,705,-3,949,1014,-25,DL,2003,N318NB,LGA,MIA,150,1096,7,5,312852
591,2013,6,18,1112,1115,-3,1329,1255,34,AA,327,N4WNAA,LGA,ORD,116,733,11,15,238414
592,2013,11,15,456,500,-4,634,651,-17,US,1895,N193UW,EWR,CLT,82,529,5,0,68897
593,2013,9,21,1531,1500,31,1758,1801,-3,DL,2181,N941DL,LGA,MCO,127,950,15,0,328125
594,2013,1,7,1705,1659,6,1804,1822,-18,UA,531,N403UA,EWR,BOS,36,200,16,59,5834
595,2013,7,31,1708,1710,-2,1942,2005,-23,AA,257,N5EAAA,JFK,LAS,294,2248,17,10,279578
596,2013,11,25,629,630,-1,812,830,-18,MQ,2810,N5PBMQ,LGA,DTW,83,502,6,30,78119
597,2013,9,12,628,625,3,752,800,-8,MQ,3525,N720MQ,LGA,RDU,64,431,6,25,319264
598,2013,7,14,1726,1715,11,1923,1929,-6,EV,3833,N14993,EWR,CVG,83,569,17,15,263113
599,2013,4,13,1228,1235,-7,1536,1549,-13,DL,1375,N399DA,JFK,SLC,283,1990,12,35,176928
600,2013,6,8,815,820,-5,913,930,-17,AA,1838,N3KNAA,JFK,BOS,37,187,8,20,228872
601,2013,3,4,NA,1855,NA,NA,2100,NA,MQ,4649,N523MQ,LGA,MSP,NA,1020,18,55,139856
602,2013,11,9,1554,1600,-6,1750,1757,-7,EV,4537,N16963,EWR,MEM,146,946,16,0,63854
603,2013,6,20,1254,1300,-6,1409,1420,-11,EV,5797,N13955,EWR,RIC,53,277,13,0,240456
604,2013,6,21,930,930,0,1206,1230,-24,WN,1983,N207WN,EWR,AUS,197,1504,9,30,241291
605,2013,7,21,2141,2129,12,2348,2349,-1,EV,3832,N11565,EWR,SDF,98,642,21,29,270059
606,2013,6,13,1824,1715,69,1937,1829,68,B6,1176,N190JB,EWR,BOS,42,200,17,15,234061
607,2013,5,26,846,850,-4,945,1014,-29,9E,3465,N929XJ,JFK,BOS,38,187,8,50,216745
608,2013,4,28,1631,1557,34,1834,1756,38,EV,4352,N14993,EWR,CVG,102,569,15,57,191136
609,2013,4,2,807,815,-8,944,1008,-24,9E,3521,N905XJ,JFK,ORD,126,740,8,15,166221
610,2013,5,22,NA,2034,NA,NA,2203,NA,EV,4224,N14543,EWR,MKE,NA,725,20,34,213890
611,2013,12,14,602,600,2,844,853,-9,UA,377,N807UA,EWR,MCO,144,937,6,0,95406
612,2013,1,6,1330,1340,-10,1620,1626,-6,B6,525,N197JB,EWR,MCO,147,937,13,40,4685
613,2013,5,18,835,840,-5,1104,1135,-31,UA,692,N810UA,EWR,IAH,186,1400,8,40,209512
614,2013,10,29,1532,1529,3,1827,1825,2,B6,573,N537JB,EWR,TPA,137,997,15,29,53622
615,2013,2,12,951,1000,-9,1234,1304,-30,B6,503,N656JB,EWR,FLL,149,1065,10,0,121006
616,2013,12,16,559,600,-1,944,933,11,UA,303,N598UA,JFK,SFO,372,2586,6,0,96979
617,2013,4,18,601,605,-4,851,910,-19,AA,1837,N3KAAA,LGA,MIA,145,1096,6,5,181277
618,2013,6,27,1807,1726,41,2108,2009,59,UA,1593,N77430,EWR,LAS,321,2227,17,26,247443
619,2013,5,17,756,800,-4,941,958,-17,B6,1273,N238JB,JFK,CHS,84,636,8,0,208521
620,2013,1,30,954,1000,-6,1248,1239,9,DL,1847,N671DN,LGA,ATL,137,762,10,0,25420
621,2013,7,2,1100,1100,0,1357,1348,9,DL,695,N918DL,JFK,MCO,142,944,11,0,251744
622,2013,6,24,857,850,7,1000,1014,-14,9E,3427,N600LR,JFK,DCA,38,213,8,50,244001
623,2013,9,5,1708,1710,-2,1955,2033,-38,B6,167,N796JB,JFK,OAK,327,2576,17,10,313459
624,2013,10,15,2048,1930,78,2236,2124,72,9E,3331,N921XJ,JFK,RDU,70,427,19,30,40923
625,2013,6,24,455,500,-5,636,640,-4,US,1431,N559UW,EWR,CLT,79,529,5,0,243770
626,2013,9,2,1122,1130,-8,1306,1330,-24,US,2077,N154UW,LGA,CLT,79,544,11,30,310253
627,2013,7,28,1151,1155,-4,1403,1420,-17,WN,1836,N798SW,LGA,DEN,224,1620,11,55,276301
628,2013,9,11,1012,1015,-3,1147,1212,-25,US,2067,N104UW,JFK,CLT,75,541,10,15,318542
629,2013,2,6,1340,1250,50,1534,1449,45,EV,4893,N755EV,EWR,DTW,91,488,12,50,115978
630,2013,6,20,935,930,5,1034,1039,-5,B6,116,N634JB,JFK,SYR,42,209,9,30,240296
631,2013,8,25,1927,1930,-3,2150,2224,-34,DL,1485,N3741S,LGA,MCO,117,950,19,30,303524
632,2013,12,10,NA,1100,NA,NA,1210,NA,MQ,3230,N6EAMQ,JFK,DCA,NA,213,11,0,92431
633,2013,10,7,NA,1612,NA,NA,1820,NA,EV,4352,N14923,EWR,CVG,NA,569,16,12,33508
634,2013,4,14,815,800,15,1045,1024,21,DL,689,N334NB,LGA,MSY,183,1183,8,0,177499
635,2013,3,5,NA,2100,NA,NA,2215,NA,US,2191,NA,LGA,DCA,NA,214,21,0,140814
636,2013,3,3,2154,2151,3,2300,2259,1,UA,744,N465UA,EWR,BOS,35,200,21,51,138857
637,2013,9,1,1256,1224,32,1523,1530,-7,UA,204,N536UA,EWR,SFO,314,2565,12,24,309504
638,2013,9,30,1935,1935,0,2211,2229,-18,B6,225,N589JB,JFK,TPA,132,1005,19,35,336655
639,2013,7,10,1052,1055,-3,1358,1358,0,B6,971,N613JB,LGA,FLL,138,1076,10,55,259001
640,2013,1,27,1757,1805,-8,1936,1955,-19,MQ,4626,N506MQ,LGA,CMH,79,479,18,5,23141
641,2013,8,31,1715,1720,-5,1832,1851,-19,EV,4191,N14991,EWR,BNA,113,748,17,20,309046
642,2013,12,30,NA,1452,NA,NA,1559,NA,EV,4372,N14573,EWR,DCA,NA,199,14,52,110512
643,2013,4,24,538,540,-2,848,840,8,AA,701,N640AA,JFK,MIA,156,1089,5,40,186867
644,2013,10,15,1719,1720,-1,2020,2019,1,DL,2471,N380DA,EWR,SLC,271,1969,17,20,40727
645,2013,3,29,1717,1720,-3,1813,1844,-31,UA,1172,N37267,EWR,BOS,39,200,17,20,163129
646,2013,4,14,916,920,-4,1202,1225,-23,AA,1739,N466AA,EWR,DFW,198,1372,9,20,177567
647,2013,2,12,758,800,-2,1147,1140,7,WN,1558,N727SW,EWR,PHX,323,2133,8,0,120890
648,2013,12,10,NA,1600,NA,NA,1719,NA,US,2187,NA,LGA,DCA,NA,214,16,0,92492
649,2013,1,23,1817,1815,2,2046,2050,-4,DL,926,N301DQ,EWR,ATL,115,746,18,15,19828
650,2013,11,2,841,845,-4,930,955,-25,9E,3841,N8869B,JFK,PHL,27,94,8,45,57036
651,2013,12,19,1501,1455,6,1800,1805,-5,AA,1155,N3KMAA,LGA,DFW,205,1389,14,55,100352
652,2013,11,11,1546,1500,46,1757,1641,76,UA,1198,N33292,LGA,ORD,135,733,15,0,65582
653,2013,3,26,1116,1115,1,1408,1424,-16,B6,673,N793JB,JFK,LAX,333,2475,11,15,159860
654,2013,12,15,2336,1800,336,153,2046,307,DL,2147,N963DL,LGA,ATL,113,762,18,0,96892
655,2013,7,22,2243,2059,104,33,2225,128,UA,994,N854UA,EWR,BOS,37,200,20,59,270978
656,2013,11,19,1124,1130,-6,1329,1332,-3,US,707,N560UW,LGA,CLT,90,544,11,30,72832
657,2013,7,9,949,955,-6,1144,1213,-29,9E,4060,N8673D,LGA,DAY,98,549,9,55,257920
658,2013,7,22,NA,1830,NA,NA,1955,NA,MQ,3486,N721MQ,LGA,BNA,NA,764,18,30,271116
659,2013,2,12,1558,1600,-2,1924,1915,9,AA,565,N3GSAA,JFK,DFW,241,1391,16,0,121322
660,2013,10,15,838,840,-2,1119,1145,-26,UA,1401,N15712,EWR,MIA,137,1085,8,40,40232
661,2013,6,9,1115,1114,1,1227,1255,-28,EV,5273,N719EV,LGA,PIT,54,335,11,14,229803
662,2013,8,31,711,715,-4,949,1010,-21,VX,399,N630VA,JFK,LAX,310,2475,7,15,308587
663,2013,10,2,1506,1500,6,1752,1748,4,UA,407,N539UA,EWR,TPA,139,997,15,0,28538
664,2013,1,13,1655,1655,0,2014,2035,-21,VX,413,N636VA,JFK,LAX,358,2475,16,55,10988
665,2013,9,15,1644,1648,-4,1857,1919,-22,EV,4705,N12126,EWR,ATL,109,746,16,48,322446
666,2013,6,26,1752,1703,49,1932,1842,50,EV,4202,N14573,EWR,STL,130,872,17,3,246450
667,2013,12,21,1951,1930,21,2246,2301,-15,DL,432,N655DL,JFK,SLC,272,1990,19,30,102493
668,2013,7,11,1249,1250,-1,1437,1450,-13,DL,1131,N329NB,LGA,DTW,81,502,12,50,260047
669,2013,4,7,1846,1850,-4,2104,2115,-11,9E,3443,N925XJ,JFK,MCI,172,1113,18,50,171485
670,2013,4,4,601,600,1,848,906,-18,UA,1431,N77530,EWR,DFW,209,1372,6,0,168061
671,2013,1,23,1826,1750,36,1938,1908,30,B6,1307,N307JB,JFK,IAD,53,228,17,50,19837
672,2013,11,23,1609,1610,-1,1902,1918,-16,UA,1242,N37427,EWR,FLL,150,1065,16,10,76938
673,2013,2,18,1935,1929,6,2240,2247,-7,DL,1854,N348NW,LGA,FLL,150,1076,19,29,126878
674,2013,8,11,1610,1545,25,2050,2005,45,DL,4,N3746H,JFK,SJU,197,1598,15,45,289996
675,2013,11,28,1000,1000,0,1243,1244,-1,DL,1847,N978DL,LGA,ATL,112,762,10,0,81279
676,2013,7,23,1904,1845,19,2117,2115,2,DL,245,N3745B,JFK,PHX,282,2153,18,45,271833
677,2013,3,13,1922,1929,-7,2232,2247,-15,DL,1433,N364NB,LGA,RSW,162,1080,19,29,148198
678,2013,1,12,753,759,-6,923,909,14,EV,4696,N15983,EWR,MHT,58,209,7,59,9864
679,2013,2,25,1329,1314,15,1500,1451,9,EV,4321,N12564,EWR,GSO,74,445,13,14,132878
680,2013,6,9,1443,1445,-2,1543,1612,-29,9E,3404,N910XJ,JFK,BOS,36,187,14,45,229960
681,2013,6,18,2134,1827,187,2313,1943,210,EV,4224,N19554,EWR,MKE,121,725,18,27,238908
682,2013,8,17,1016,1010,6,1124,1135,-11,UA,1444,N39475,EWR,ORD,106,719,10,10,295587
683,2013,4,25,1603,1600,3,1743,1720,23,AA,854,N3GUAA,JFK,BOS,43,187,16,0,188424
684,2013,11,6,1826,1830,-4,2206,2205,1,B6,669,N789JB,JFK,SJC,365,2569,18,30,61201
685,2013,5,27,1452,1444,8,1844,1844,0,B6,705,N526JB,JFK,SJU,192,1598,14,44,217830
686,2013,6,28,1455,1455,0,1635,1645,-10,MQ,3359,N830MQ,JFK,RDU,70,427,14,55,248239
687,2013,12,26,1447,1453,-6,1558,1608,-10,EV,5801,N12567,EWR,BUF,54,282,14,53,106446
688,2013,1,28,NA,905,NA,NA,1226,NA,DL,2379,N334NB,LGA,FLL,NA,1076,9,5,24224
689,2013,12,13,2103,2054,9,2301,2306,-5,EV,3819,N16981,EWR,CVG,95,569,20,54,95337
690,2013,7,21,2146,2040,66,2332,2235,57,MQ,3603,N725MQ,LGA,DTW,82,502,20,40,270065
691,2013,2,20,928,925,3,1141,1205,-24,WN,102,N470WN,EWR,DEN,233,1605,9,25,128204
692,2013,6,15,817,820,-3,1016,1041,-25,9E,4248,N824AY,JFK,CHS,87,636,8,20,235504
693,2013,3,17,1052,1051,1,1203,1214,-11,EV,4221,N14562,EWR,BUF,57,282,10,51,151338
694,2013,11,19,1655,1650,5,2003,2002,1,B6,89,N593JB,JFK,SAN,344,2446,16,50,73164
695,2013,3,31,2052,2100,-8,2201,2215,-14,US,2191,N732US,LGA,DCA,45,214,21,0,165011
696,2013,6,5,2051,2100,-9,2202,2212,-10,US,2191,N756US,LGA,DCA,45,214,21,0,226729
697,2013,9,5,2038,2030,8,2143,2155,-12,WN,1707,N281WN,LGA,MDW,106,725,20,30,313668
698,2013,7,18,1614,1610,4,1835,1800,35,AA,343,N482AA,LGA,ORD,121,733,16,10,267019
699,2013,1,2,801,730,31,1136,1040,56,AA,2083,N487AA,EWR,DFW,241,1372,7,30,993
700,2013,5,28,1203,1210,-7,1459,1510,-11,B6,143,N637JB,JFK,RSW,154,1074,12,10,218667
701,2013,11,9,1624,1630,-6,1934,1957,-23,US,516,N657AW,EWR,PHX,286,2133,16,30,63886
702,2013,8,30,1150,1200,-10,1410,1455,-45,AA,3,N339AA,JFK,LAX,296,2475,12,0,307923
703,2013,12,29,1313,1315,-2,1503,1506,-3,US,802,N539UW,EWR,CLT,93,529,13,15,109042
704,2013,5,14,1308,1245,23,1541,1543,-2,B6,505,N629JB,EWR,FLL,132,1065,12,45,205902
705,2013,9,6,808,805,3,1043,1101,-18,DL,1167,N308DE,JFK,TPA,135,1005,8,5,313895
706,2013,12,23,1442,928,314,1659,1149,310,EV,4087,N16954,EWR,IND,119,645,9,28,103997
707,2013,8,23,10,2359,11,354,350,4,B6,745,N827JB,JFK,PSE,203,1617,23,59,300994
708,2013,7,11,929,930,-1,1047,1048,-1,B6,586,N183JB,JFK,ROC,51,264,9,30,259893
709,2013,4,20,1716,1720,-4,2050,2025,25,AA,695,N3FWAA,JFK,AUS,230,1521,17,20,183787
710,2013,7,10,1139,1145,-6,1328,1320,8,AA,1855,N492AA,LGA,STL,130,888,11,45,259044
711,2013,5,4,1517,1522,-5,1654,1755,-61,UA,215,N455UA,LGA,DEN,197,1620,15,22,196788
712,2013,4,2,731,740,-9,1026,1040,-14,AA,715,N4YAAA,LGA,DFW,205,1389,7,40,166174
713,2013,4,1,1344,1314,30,1557,1534,23,FL,352,N336AT,LGA,ATL,116,762,13,14,165535
714,2013,12,15,NA,935,NA,NA,1115,NA,WN,876,NA,LGA,MDW,NA,725,9,35,96945
715,2013,1,21,2038,2042,-4,2230,2231,-1,EV,3833,N11539,EWR,STL,155,872,20,42,18155
716,2013,3,6,1528,1529,-1,1758,1815,-17,UA,987,N418UA,EWR,LAS,309,2227,15,29,141315
717,2013,8,1,NA,1300,NA,NA,1416,NA,US,2181,NA,LGA,DCA,NA,214,13,0,280870
718,2013,1,22,948,950,-2,1123,1130,-7,WN,1964,N491WN,LGA,MKE,118,738,9,50,18489
719,2013,12,5,1731,1730,1,1901,1914,-13,B6,1185,N183JB,JFK,RDU,67,427,17,30,87633
720,2013,2,3,1100,1100,0,1411,1413,-2,UA,952,N441UA,EWR,RSW,159,1068,11,0,113126
721,2013,4,26,2357,2359,-2,318,343,-25,B6,707,N590JB,JFK,SJU,180,1598,23,59,189795
722,2013,8,12,631,630,1,915,904,11,B6,1099,N534JB,LGA,MCO,129,950,6,30,290407
723,2013,11,11,1816,1805,11,2002,1950,12,WN,195,N784SW,LGA,STL,140,888,18,5,65755
724,2013,6,9,2023,2025,-2,2242,2232,10,EV,4536,N14998,EWR,CVG,93,569,20,25,230339
725,2013,3,31,1021,1029,-8,1214,1237,-23,EV,4689,N12122,EWR,CHS,101,628,10,29,164423
726,2013,7,27,752,755,-3,907,930,-23,AA,309,N578AA,LGA,ORD,110,733,7,55,275261
727,2013,4,1,1423,1426,-3,1643,1653,-10,DL,1705,N343NW,LGA,MSY,182,1183,14,26,165560
728,2013,7,18,1519,1520,-1,1725,1805,-40,DL,1773,N383DN,JFK,LAS,267,2248,15,20,266952
729,2013,5,11,747,730,17,1041,1050,-9,AA,33,N329AA,JFK,LAX,313,2475,7,30,202954
730,2013,4,25,1929,1709,140,2227,1853,NA,EV,4202,N14972,EWR,STL,NA,872,17,9,188641
731,2013,1,28,1827,1835,-8,1934,1950,-16,MQ,3944,N659MQ,JFK,BWI,36,184,18,35,24052
732,2013,5,12,1249,1250,-1,1547,1535,12,WN,1791,N901WN,EWR,HOU,222,1411,12,50,203933
733,2013,11,28,630,635,-5,806,812,-6,EV,4424,N17138,EWR,RDU,69,416,6,35,81060
734,2013,10,23,1814,1803,11,2125,2117,8,UA,1455,N11206,EWR,LAX,330,2454,18,3,48276
735,2013,12,27,650,650,0,1019,955,24,AA,2493,N622AA,JFK,MCO,157,944,6,50,106958
736,2013,5,14,1833,1835,-2,2141,2213,-32,B6,173,N645JB,JFK,SJC,339,2569,18,35,206240
737,2013,10,11,1055,1045,10,1411,1359,12,DL,954,N327NB,LGA,FLL,145,1076,10,45,36799
738,2013,10,11,1615,1615,0,1836,1845,-9,MQ,3357,N518MQ,LGA,ATL,100,762,16,15,37059
739,2013,3,2,1026,1030,-4,1344,1345,-1,AA,415,N335AA,JFK,MIA,173,1089,10,30,137453
740,2013,3,16,1202,1157,5,1447,1450,-3,B6,27,N184JB,JFK,TPA,147,1005,11,57,150630
741,2013,4,11,1301,942,199,1535,1223,192,B6,197,N580JB,JFK,LAS,304,2248,9,42,175031
742,2013,7,16,2122,2051,31,11,2358,13,B6,165,N623JB,JFK,PDX,312,2454,20,51,265348
743,2013,6,7,820,825,-5,1037,1053,-16,DL,2170,N397DA,JFK,PHX,277,2153,8,25,227938
744,2013,12,7,1645,1647,-2,1843,1846,-3,DL,1518,N990AT,EWR,DTW,92,488,16,47,89526
745,2013,9,2,1812,1450,202,2047,1755,172,UA,569,N427UA,EWR,FLL,140,1065,14,50,310506
746,2013,9,8,1407,1415,-8,1551,1550,1,AA,1170,N4YPAA,LGA,STL,124,888,14,15,315806
747,2013,3,30,1601,1605,-4,1848,1911,-23,B6,157,N517JB,JFK,MCO,131,944,16,5,163923
748,2013,1,21,2048,2055,-7,2239,2250,-11,MQ,4573,N713MQ,LGA,DTW,91,502,20,55,18164
749,2013,8,31,555,600,-5,848,923,-35,UA,303,N554UA,JFK,SFO,330,2586,6,0,308532
750,2013,3,25,511,515,-4,809,814,-5,UA,1545,N79279,EWR,IAH,217,1400,5,15,158535
751,2013,6,15,858,905,-7,1148,1223,-35,DL,1057,N302NB,LGA,MIA,143,1096,9,5,235550
752,2013,3,24,1859,1900,-1,2136,2131,5,DL,947,N690DL,LGA,ATL,124,762,19,0,158343
753,2013,11,27,1644,1629,15,2002,1926,36,B6,283,N607JB,JFK,MCO,165,944,16,29,80636
754,2013,9,4,1133,1137,-4,1329,1344,-15,DL,2219,N941DL,LGA,MSP,145,1020,11,37,312167
755,2013,7,31,1826,1735,51,2000,1915,45,WN,19,N630WN,EWR,STL,124,872,17,35,279666
756,2013,7,21,1727,1720,7,1944,1943,1,UA,509,N460UA,LGA,DEN,222,1620,17,20,269851
757,2013,6,17,1616,1605,11,1957,1916,41,DL,706,N3752,JFK,AUS,210,1521,16,5,237683
758,2013,12,1,612,615,-3,853,916,-23,UA,1472,N37462,EWR,FLL,141,1065,6,15,83197
759,2013,1,4,1224,1230,-6,1332,1343,-11,EV,4087,N14993,EWR,PWM,48,284,12,30,3074
760,2013,10,20,1055,1100,-5,1221,1250,-29,WN,1341,N282WN,LGA,BNA,123,764,11,0,44907
761,2013,6,5,1242,1245,-3,1525,1543,-18,B6,505,N640JB,EWR,FLL,147,1065,12,45,226227
762,2013,9,24,749,756,-7,931,951,-20,US,1733,N554UW,LGA,CLT,78,544,7,56,330399
763,2013,12,14,1423,1350,33,1747,1705,42,AA,1073,N3EFAA,LGA,MIA,169,1096,13,50,95745
764,2013,2,14,2049,2048,1,2221,2213,8,EV,4216,N13995,EWR,BUF,55,282,20,48,123458
765,2013,5,28,1731,1700,31,2010,1959,11,UA,1269,N14228,EWR,PBI,146,1023,17,0,218978
766,2013,5,27,856,859,-3,1107,1138,-31,DL,1747,N676DL,LGA,ATL,100,762,8,59,217537
767,2013,3,10,1953,1910,43,2253,2228,25,B6,87,N556JB,JFK,SLC,268,1990,19,10,145305
768,2013,9,4,1146,1151,-5,1331,1400,-29,EV,4567,N16112,EWR,MCI,147,1092,11,51,312171
769,2013,3,16,2005,2000,5,2310,2303,7,UA,1220,N73278,EWR,IAH,200,1400,20,0,151010
770,2013,9,11,1023,1029,-6,1134,1214,-40,AA,325,N520AA,LGA,ORD,111,733,10,29,318551
771,2013,12,10,559,600,-1,1011,933,38,UA,303,N587UA,JFK,SFO,396,2586,6,0,91573
772,2013,8,8,2318,2030,168,37,2202,155,FL,485,N928AT,LGA,CAK,57,397,20,30,287539
773,2013,2,13,1053,1100,-7,1158,1209,-11,US,2124,N956UW,LGA,BOS,38,184,11,0,121955
774,2013,2,21,2024,1925,59,2133,2045,48,9E,4127,N8525B,JFK,IAD,46,228,19,25,129749
775,2013,2,25,1655,1647,8,1855,1900,-5,DL,1473,N326NB,LGA,MEM,143,963,16,47,133103
776,2013,4,21,1158,1210,-12,1511,1510,1,AA,743,N4YPAA,LGA,DFW,207,1389,12,10,184329
777,2013,11,27,1913,1855,18,2137,2059,38,US,2039,N554UW,LGA,CLT,92,544,18,55,80803
778,2013,1,30,828,830,-2,1312,1335,-23,DL,301,N670DN,JFK,SJU,184,1598,8,30,25346
779,2013,8,2,951,959,-8,1200,1207,-7,EV,4495,N11551,EWR,SAV,97,708,9,59,281150
780,2013,2,27,1512,1500,12,1746,1742,4,DL,2347,N664DN,LGA,ATL,124,762,15,0,134829
781,2013,12,1,2127,2117,10,2315,2323,-8,US,789,N153UW,JFK,CLT,88,541,21,17,84100
782,2013,1,10,1838,1808,30,2144,2106,38,UA,1269,N37252,EWR,PBI,142,1023,18,8,8669
783,2013,3,13,727,729,-2,1034,1026,8,B6,361,N652JB,LGA,PBI,158,1035,7,29,147492
784,2013,6,10,1406,1331,35,1649,1621,28,UA,1122,N34282,EWR,PBI,149,1023,13,31,230893
785,2013,3,31,1354,1400,-6,1444,1506,-22,US,2130,N956UW,LGA,BOS,37,184,14,0,164580
786,2013,12,12,1947,1920,27,2116,2055,21,WN,152,N927WN,LGA,MKE,123,738,19,20,94306
787,2013,11,6,NA,1600,NA,NA,1741,NA,UA,1051,NA,LGA,ORD,NA,733,16,0,61384
788,2013,12,20,1656,1629,27,1938,1932,6,B6,1161,N523JB,LGA,PBI,140,1035,16,29,101454
789,2013,7,8,900,900,0,1003,1022,-19,US,2167,N760US,LGA,DCA,42,214,9,0,256866
790,2013,12,29,1053,1030,23,1417,1324,53,B6,925,N568JB,JFK,TPA,163,1005,10,30,108939
791,2013,6,30,2036,1800,156,2214,1950,144,MQ,3526,N5PBMQ,LGA,CMH,71,479,18,0,250236
792,2013,5,27,1829,1815,14,2028,2039,-11,9E,3285,N600LR,JFK,DTW,83,509,18,15,218079
793,2013,5,6,2020,2012,8,2259,2330,-31,UA,1615,N26210,EWR,AUS,195,1504,20,12,198882
794,2013,10,20,1457,1459,-2,1736,1737,-1,DL,2347,N928DL,LGA,ATL,123,762,14,59,45124
795,2013,7,13,1656,1655,1,1918,1950,-32,AA,1507,N595AA,EWR,DFW,171,1372,16,55,262225
796,2013,9,14,1923,1926,-3,2247,2246,1,UA,754,N503UA,EWR,SFO,331,2565,19,26,321805
797,2013,1,22,2010,2000,10,2220,2208,12,EV,3822,N14916,EWR,TYS,101,631,20,0,19025
798,2013,9,11,1052,1100,-8,1203,1245,-42,EV,5309,N717EV,LGA,BGR,54,378,11,0,318569
799,2013,3,11,1851,1855,-4,2212,2220,-8,DL,6,N661DN,JFK,SLC,280,1990,18,55,146230
800,2013,2,14,1057,1100,-3,1244,1300,-16,WN,366,N414WN,LGA,STL,135,888,11,0,122887
801,2013,12,8,850,847,3,1219,1211,8,UA,997,N842UA,EWR,LAX,370,2454,8,47,89864
802,2013,1,27,747,600,107,1024,906,78,B6,125,N644JB,JFK,FLL,139,1069,6,0,22618
803,2013,12,3,806,812,-6,1014,1029,-15,EV,4111,N15574,EWR,CHS,94,628,8,12,85326
804,2013,10,25,1401,1414,-13,1510,1534,-24,EV,5712,N833AS,JFK,IAD,49,228,14,14,49967
805,2013,9,11,818,825,-7,1005,1023,-18,US,409,N654AW,EWR,CLT,72,529,8,25,318424
806,2013,9,9,956,1000,-4,1129,1134,-5,UA,673,N427UA,LGA,ORD,102,733,10,0,316589
807,2013,2,15,1938,1940,-2,2119,2125,-6,MQ,3783,N513MQ,JFK,CMH,83,483,19,40,124355
808,2013,11,3,1227,1150,37,1344,1325,19,WN,3566,N731SA,LGA,BNA,115,764,11,50,57912
809,2013,8,15,1654,1700,-6,1856,1912,-16,B6,1119,N307JB,JFK,CLT,91,541,17,0,294015
810,2013,2,21,1208,1210,-2,1301,1315,-14,WN,2236,N909WN,EWR,BWI,34,169,12,10,129286
811,2013,4,25,1028,1030,-2,1258,1248,10,DL,2343,N302DQ,EWR,ATL,114,746,10,30,188148
812,2013,5,14,622,624,-2,722,746,-24,UA,1686,N16713,EWR,BOS,39,200,6,24,205513
813,2013,5,10,1911,1900,11,2242,2159,43,DL,2159,N399DA,JFK,MCO,132,944,19,0,202691
814,2013,10,17,1055,1100,-5,1322,1341,-19,DL,1647,N669DN,LGA,ATL,115,762,11,0,42304
815,2013,2,3,1815,1820,-5,1925,1938,-13,DL,2155,N365NW,LGA,PWM,44,269,18,20,113523
816,2013,12,31,1531,1530,1,1918,1903,15,DL,417,N199DN,JFK,LAX,363,2475,15,30,111025
817,2013,5,30,1217,1225,-8,1434,1405,29,AA,329,N570AA,LGA,ORD,111,733,12,25,220639
818,2013,12,4,1717,1724,-7,1959,1953,6,UA,509,N553UA,LGA,DEN,248,1620,17,24,86810
819,2013,4,17,1655,1700,-5,2005,2022,-17,DL,706,N361NB,JFK,AUS,224,1521,17,0,180913
820,2013,9,3,920,929,-9,1212,1234,-22,UA,456,N444UA,EWR,FLL,148,1065,9,29,311099
821,2013,6,13,1915,1915,0,2254,2211,43,DL,1629,N3758Y,JFK,LAS,297,2248,19,15,234112
822,2013,9,15,655,700,-5,957,1010,-13,DL,1415,N376DA,JFK,SLC,272,1990,7,0,321905
823,2013,9,28,1952,2001,-9,2222,2248,-26,B6,65,N597JB,JFK,ABQ,244,1826,20,1,334829
824,2013,5,14,1212,1110,62,1340,1251,49,EV,5273,N611QX,LGA,PIT,54,335,11,10,205860
825,2013,3,14,1522,1525,-3,1653,1655,-2,MQ,3823,N513MQ,JFK,DCA,52,213,15,25,148906
826,2013,5,21,1019,1019,0,1117,1128,-11,B6,1004,N236JB,JFK,BOS,36,187,10,19,212298
827,2013,10,27,703,704,-1,1012,1025,-13,DL,1415,N722TW,JFK,SLC,275,1990,7,4,51199
828,2013,8,7,1835,1825,10,2202,2134,28,UA,1684,N38458,EWR,MIA,148,1085,18,25,286403
829,2013,1,29,1454,1500,-6,1611,1608,3,US,2132,N958UW,LGA,BOS,44,184,15,0,24781
830,2013,7,5,1458,1500,-2,1735,1758,-23,B6,83,N556JB,JFK,MCO,132,944,15,0,254528
831,2013,1,28,632,635,-3,1000,1002,-2,UA,421,N818UA,EWR,SFO,362,2565,6,35,23421
832,2013,8,6,1150,1200,-10,1304,1309,-5,US,2146,N948UW,LGA,BOS,32,184,12,0,284988
833,2013,11,23,820,825,-5,1035,1029,6,US,1924,N194UW,JFK,CLT,101,541,8,25,76557
834,2013,4,4,1428,1435,-7,1735,1738,-3,B6,347,N187JB,JFK,SRQ,163,1041,14,35,168527
835,2013,6,14,1105,1100,5,1333,1349,-16,DL,695,N994DL,JFK,MCO,128,944,11,0,234692
836,2013,3,29,1806,1816,-10,1921,2005,-44,UA,1053,N14250,EWR,CLE,59,404,18,16,163187
837,2013,11,18,655,700,-5,952,1002,-10,DL,1879,N321NB,LGA,FLL,153,1076,7,0,71568
838,2013,9,18,2105,2110,-5,2208,2222,-14,UA,1066,N25705,EWR,BOS,46,200,21,10,325649
839,2013,7,11,927,925,2,1227,1220,7,VX,407,N627VA,JFK,LAX,327,2475,9,25,259892
840,2013,4,16,1926,1850,36,2057,2035,22,AA,359,N4WWAA,LGA,ORD,119,733,18,50,180081
841,2013,1,18,631,635,-4,937,940,-3,AA,711,N3BUAA,LGA,DFW,210,1389,6,35,14991
842,2013,9,24,809,815,-6,938,959,-21,EV,4869,N709EV,LGA,RIC,53,292,8,15,330436
843,2013,9,9,706,715,-9,920,916,4,EV,4155,N13958,EWR,GRR,109,605,7,15,316388
844,2013,6,7,1445,1445,0,1642,1651,-9,DL,1231,N327NB,LGA,DTW,87,502,14,45,228250
845,2013,5,6,1623,1630,-7,1841,1853,-12,FL,716,N979AT,LGA,ATL,108,762,16,30,198632
846,2013,3,28,1629,1630,-1,1955,2015,-20,VX,27,N840VA,JFK,SFO,345,2586,16,30,162104
847,2013,9,9,755,800,-5,850,904,-14,B6,1491,N374JB,JFK,ACK,36,199,8,0,316437
848,2013,8,8,1729,1720,9,1921,1850,31,MQ,3365,N800MQ,JFK,DCA,59,213,17,20,287275
849,2013,7,7,1201,1010,111,1452,1317,95,UA,548,N832UA,EWR,SFO,325,2565,10,10,256063
850,2013,4,9,852,900,-8,1138,1225,-47,AA,1,N328AA,JFK,LAX,321,2475,9,0,172872
851,2013,1,2,1521,1515,6,1814,1810,4,UA,1695,N76054,EWR,IAH,205,1400,15,15,1375
852,2013,1,4,1935,1900,35,2255,2301,-6,DL,1465,N723TW,JFK,SFO,337,2586,19,0,3497
853,2013,2,4,637,630,7,840,830,10,MQ,4599,N523MQ,LGA,MSP,150,1020,6,30,113782
854,2013,9,25,853,859,-6,1001,1017,-16,DL,2445,N358NB,JFK,BOS,35,187,8,59,331451
855,2013,9,21,1549,1600,-11,1723,1755,-32,9E,3523,N922XJ,JFK,ORD,108,740,16,0,328139
856,2013,12,2,1058,1100,-2,1243,1253,-10,9E,3433,N936XJ,EWR,DTW,86,488,11,0,84496
857,2013,1,21,1202,1129,33,1337,1305,32,EV,4671,N27200,EWR,RDU,76,416,11,29,17676
858,2013,7,9,626,630,-4,803,813,-10,EV,4334,N27190,EWR,CMH,77,463,6,30,257701
859,2013,5,29,1930,1935,-5,2131,2155,-24,9E,3798,N827AY,JFK,CLT,80,541,19,35,220100
860,2013,3,18,656,700,-4,949,931,18,DL,1547,N662DN,LGA,ATL,120,762,7,0,152096
861,2013,12,3,2053,2035,18,2211,2210,1,WN,168,N458WN,LGA,MDW,118,725,20,35,86068
862,2013,7,21,1658,1550,68,1913,1805,68,WN,1939,N441WN,EWR,DEN,222,1605,15,50,269816
863,2013,1,21,1709,1708,1,2025,2023,2,B6,15,N294JB,JFK,FLL,165,1069,17,8,17964
864,2013,4,21,847,850,-3,1045,1056,-11,EV,4593,N11150,EWR,MSP,158,1008,8,50,184156
865,2013,2,14,1712,1710,2,2019,2015,4,AA,695,N3FRAA,JFK,AUS,226,1521,17,10,123241
866,2013,4,14,944,745,119,1140,943,117,EV,4383,N18120,EWR,DTW,92,488,7,45,177588
867,2013,9,1,1026,1030,-4,1226,1239,-13,DL,2343,N301NB,EWR,ATL,104,746,10,30,309398
868,2013,6,29,1749,1700,49,1921,1845,36,MQ,3216,N619MQ,JFK,ORF,52,290,17,0,249327
869,2013,7,7,1441,1445,-4,1602,1642,-40,9E,3318,N600LR,JFK,BUF,55,301,14,45,256180
870,2013,1,21,1244,1218,26,1436,1415,21,EV,4135,N29917,EWR,CLT,97,529,12,18,17699
871,2013,4,25,2027,1800,147,2233,2001,152,EV,4382,N14950,EWR,DTW,83,488,18,0,188697
872,2013,11,11,1350,1329,21,1537,1509,28,AA,331,N4YCAA,LGA,ORD,129,733,13,29,65461
873,2013,6,28,1330,1319,11,1612,1607,5,UA,1054,N13113,EWR,LAX,311,2454,13,19,248184
874,2013,9,13,1703,1651,12,1953,1957,-4,B6,89,N793JB,JFK,SAN,318,2446,16,51,320852
875,2013,12,5,1253,1259,-6,1555,1546,9,UA,1605,N14242,EWR,LAS,341,2227,12,59,87398
876,2013,11,21,2153,2046,67,41,2358,43,B6,329,N608JB,JFK,RSW,154,1074,20,46,75406
877,2013,10,17,626,630,-4,836,839,-3,EV,4393,N11548,EWR,IND,105,645,6,30,42010
878,2013,12,30,1156,1147,9,1459,1443,16,UA,1180,N41140,EWR,MCO,158,937,11,47,109935
879,2013,7,2,611,604,7,718,725,-7,UA,230,N447UA,EWR,BOS,40,200,6,4,251462
880,2013,3,25,1821,1820,1,1945,2005,-20,AA,353,N3GWAA,LGA,ORD,114,733,18,20,159205
881,2013,6,8,1500,1455,5,1832,1820,12,AA,1769,N371AA,JFK,MIA,165,1089,14,55,229187
882,2013,4,2,1709,1710,-1,1854,1915,-21,AA,1351,N3JUAA,JFK,ORD,123,740,17,10,166734
883,2013,10,4,1027,1030,-3,1224,1244,-20,EV,4495,N10575,EWR,SAV,100,708,10,30,30262
884,2013,8,25,1958,2005,-7,2125,2149,-24,B6,105,N556JB,JFK,ORD,107,740,20,5,303550
885,2013,6,2,909,900,9,1101,1114,-13,DL,181,N361NB,LGA,DTW,83,502,9,0,223162
886,2013,3,10,814,815,-1,932,1008,-36,9E,3521,N916XJ,JFK,ORD,116,740,8,15,144646
887,2013,8,13,1222,1200,22,1352,1345,7,MQ,3572,N722MQ,LGA,CLE,70,419,12,0,291714
888,2013,3,24,2147,1929,138,121,2247,154,DL,1433,N349NB,LGA,RSW,197,1080,19,29,158483
889,2013,2,1,658,700,-2,1026,1014,12,DL,1879,N371NW,LGA,FLL,183,1076,7,0,111381
890,2013,6,5,NA,1059,NA,NA,1342,NA,UA,809,NA,EWR,IAH,NA,1400,10,59,226781
891,2013,6,17,2048,1900,108,2329,2150,99,UA,1269,N37287,EWR,PBI,139,1023,19,0,237947
892,2013,6,28,1446,1450,-4,NA,1634,NA,9E,4275,N8932C,JFK,IAD,NA,228,14,50,248232
893,2013,3,20,1616,1610,6,1735,1736,-1,9E,3968,N8580A,JFK,PHL,32,94,16,10,154545
894,2013,10,24,804,805,-1,1106,1106,0,DL,1109,N322NB,LGA,TPA,156,1010,8,5,48636
895,2013,5,7,2014,1930,44,2121,2050,31,EV,5714,N829AS,JFK,IAD,41,228,19,30,199857
896,2013,3,23,1602,1600,2,1959,1915,44,AA,565,N3EXAA,JFK,DFW,229,1391,16,0,157352
897,2013,4,21,1335,1340,-5,1613,1631,-18,UA,519,N803UA,EWR,DFW,196,1372,13,40,184397
898,2013,12,14,800,750,10,1251,1255,-4,AA,936,N5EUAA,JFK,STT,194,1623,7,50,95505
899,2013,11,13,2100,2014,46,2254,2242,12,EV,4333,N11181,EWR,TUL,157,1215,20,14,67859
900,2013,12,31,1739,1735,4,1915,1856,19,EV,3814,N12900,EWR,RIC,54,277,17,35,111132
901,2013,4,25,651,700,-9,944,1009,-25,DL,2003,N912DL,LGA,MIA,151,1096,7,0,187916
902,2013,2,4,1952,2000,-8,2112,2139,-27,UA,695,N463UA,LGA,ORD,119,733,20,0,114537
903,2013,2,25,2037,2040,-3,2323,2332,-9,UA,1692,N33286,EWR,MCO,148,937,20,40,133325
904,2013,7,25,2205,1955,130,8,2145,143,MQ,3374,N848MQ,JFK,RDU,73,427,19,55,274075
905,2013,6,13,2121,2025,56,2356,2309,47,UA,350,N829UA,EWR,IAH,179,1400,20,25,234189
906,2013,3,21,1727,1232,295,1930,1429,301,EV,4135,N14558,EWR,CLT,87,529,12,32,155599
907,2013,6,15,706,700,6,1003,957,6,DL,763,N624AG,JFK,LAX,324,2475,7,0,235433
908,2013,9,15,716,725,-9,802,822,-20,EV,6062,N11547,EWR,BDL,24,116,7,25,321919
909,2013,7,24,707,700,7,852,835,17,AA,305,N491AA,LGA,ORD,120,733,7,0,272231
910,2013,12,3,734,740,-6,928,925,3,AA,307,N3DDAA,LGA,ORD,121,733,7,40,85275
911,2013,8,12,904,900,4,1134,1126,8,EV,5109,N605QX,LGA,CHS,85,641,9,0,290595
912,2013,6,20,652,700,-8,931,947,-16,DL,2285,N928DL,LGA,MCO,126,950,7,0,240108
913,2013,2,23,1135,1145,-10,1412,1415,-3,EV,4929,N611QX,EWR,ATL,139,746,11,45,131106
914,2013,3,10,1601,1605,-4,1809,1820,-11,EV,4270,N14905,EWR,SDF,102,642,16,5,145057
915,2013,1,30,1915,1920,-5,2233,2315,-42,DL,1345,N3762Y,JFK,PHX,290,2153,19,20,25845
916,2013,6,19,2008,2000,8,2122,2127,-5,9E,4287,N8709A,JFK,BWI,35,184,20,0,239923
917,2013,10,5,625,630,-5,837,847,-10,DL,575,N340NB,EWR,ATL,104,746,6,30,30969
918,2013,11,13,2112,2100,12,2223,2239,-16,EV,5048,N719EV,LGA,RIC,43,292,21,0,67871
919,2013,8,21,1807,1800,7,1917,1917,0,US,2191,N752US,LGA,DCA,47,214,18,0,299785
920,2013,11,2,1737,1740,-3,2011,2018,-7,B6,135,N583JB,JFK,PHX,303,2153,17,40,57438
921,2013,9,20,853,859,-6,1115,1144,-29,UA,587,N462UA,EWR,LAS,287,2227,8,59,326914
922,2013,11,14,1646,1650,-4,1744,1802,-18,B6,918,N323JB,JFK,BOS,44,187,16,50,68583
923,2013,8,12,1439,1439,0,1640,1644,-4,DL,1819,N963DL,LGA,MSP,146,1020,14,39,290862
924,2013,3,18,828,830,-2,1110,1108,2,DL,269,N951DL,JFK,ATL,119,760,8,30,152204
925,2013,7,1,NA,1700,NA,NA,1815,NA,US,2136,NA,LGA,BOS,NA,184,17,0,251410
926,2013,7,22,1439,1440,-1,1710,1647,23,B6,575,N190JB,JFK,MSY,159,1182,14,40,270657
927,2013,7,26,856,901,-5,1046,1100,-14,EV,5810,N14568,EWR,CLT,77,529,9,1,274369
928,2013,9,23,626,630,-4,908,930,-22,UA,797,N510UA,JFK,LAX,321,2475,6,30,329318
929,2013,3,24,1455,1451,4,1756,1748,8,UA,451,N568UA,EWR,PBI,160,1023,14,51,158081
930,2013,10,26,2031,2025,6,2326,2341,-15,DL,2065,N375DA,JFK,FLL,148,1069,20,25,51101
931,2013,5,23,1157,1200,-3,1446,1505,-19,AA,3,N323AA,JFK,LAX,328,2475,12,0,214307
932,2013,4,6,836,810,26,1054,1035,19,9E,3538,N917XJ,JFK,MSP,162,1029,8,10,170149
933,2013,5,10,641,643,-2,915,917,-2,UA,573,N485UA,EWR,PHX,300,2133,6,43,201951
934,2013,6,15,1127,1135,-8,1221,1242,-21,B6,1191,N324JB,JFK,ACK,36,199,11,35,235654
935,2013,3,8,924,815,69,1206,1045,81,DL,914,N352NW,LGA,DEN,228,1620,8,15,142986
936,2013,5,28,959,1003,-4,1200,1212,-12,EV,4152,N14570,EWR,SAV,99,708,10,3,218572
937,2013,4,10,715,720,-5,1003,944,19,EV,4137,N34110,EWR,ATL,114,746,7,20,173766
938,2013,11,18,1526,1500,26,1650,1641,9,UA,1198,N76504,LGA,ORD,120,733,15,0,72057
939,2013,3,7,1503,1330,93,1822,1710,72,WN,2058,N263WN,EWR,PHX,300,2133,13,30,142262
940,2013,6,30,611,615,-4,748,804,-16,US,1631,N455UW,EWR,CLT,80,529,6,15,249562
941,2013,3,27,1327,1330,-3,1625,1629,-4,B6,431,N766JB,LGA,SRQ,155,1047,13,30,160934
942,2013,3,18,1552,1505,47,1828,1704,84,EV,4572,N26545,EWR,GSP,106,594,15,5,152595
943,2013,12,7,51,2059,232,219,2242,217,EV,4348,N34111,EWR,CLE,71,404,20,59,89025
944,2013,10,24,1415,1420,-5,1531,1555,-24,AA,337,N4XTAA,LGA,ORD,112,733,14,20,48982
945,2013,2,22,742,745,-3,1101,1125,-24,AA,59,N332AA,JFK,SFO,346,2586,7,45,129990
946,2013,8,1,2006,1939,27,2303,2250,13,UA,206,N491UA,EWR,SEA,328,2402,19,39,280670
947,2013,11,5,1723,1729,-6,1925,1941,-16,EV,3849,N15555,EWR,CVG,97,569,17,29,60165
948,2013,9,8,1854,1815,39,2156,2135,21,AA,1611,N3JBAA,LGA,MIA,136,1096,18,15,316131
949,2013,11,21,1849,1850,-1,2149,2159,-10,DL,1854,N340NB,LGA,FLL,145,1076,18,50,75249
950,2013,1,21,1853,1855,-2,2058,2100,-2,MQ,4649,N537MQ,LGA,MSP,153,1020,18,55,18067
951,2013,1,27,1446,1434,12,1739,1737,2,UA,404,N509UA,EWR,MIA,152,1085,14,34,22933
952,2013,2,19,1601,1518,43,1706,1642,24,EV,4499,N13965,EWR,MKE,105,725,15,18,127591
953,2013,12,6,1853,1900,-7,2016,2047,-31,9E,2943,N8970D,JFK,RIC,59,288,19,0,88792
954,2013,3,13,1610,1614,-4,1908,1905,3,UA,676,N541UA,EWR,SEA,339,2402,16,14,147995
955,2013,1,24,632,635,-3,1005,1019,-14,UA,849,N419UA,EWR,PHX,312,2133,6,35,20071
956,2013,10,13,655,700,-5,932,949,-17,B6,683,N630JB,JFK,MCO,125,944,7,0,38178
957,2013,12,8,2050,1920,90,2239,2055,104,WN,152,N954WN,LGA,MKE,134,738,19,20,90451
958,2013,11,13,707,710,-3,1009,1029,-20,UA,281,N564UA,EWR,SFO,322,2565,7,10,67034
959,2013,2,10,1400,1410,-10,1616,1555,21,MQ,4491,N722MQ,LGA,CLE,84,419,14,10,119349
960,2013,7,10,2330,2135,115,302,30,152,B6,1201,N562JB,JFK,FLL,138,1069,21,35,259515
961,2013,6,17,1058,1107,-9,1145,1208,-23,EV,4404,N13949,EWR,PVD,32,160,11,7,237411
962,2013,3,31,1011,1013,-2,1311,1323,-12,UA,1403,N18223,LGA,IAH,215,1416,10,13,164418
963,2013,12,26,1332,1330,2,1847,1814,33,B6,103,N793JB,JFK,SJU,198,1598,13,30,106381
964,2013,10,22,1246,1259,-13,1446,1501,-15,US,1895,N569UW,LGA,CLT,94,544,12,59,46955
965,2013,7,17,821,825,-4,1029,1104,-35,DL,857,N390DA,JFK,SAN,282,2446,8,25,265593
966,2013,4,2,1708,1710,-2,2027,2020,7,UA,1259,N13718,LGA,IAH,234,1416,17,10,166733
967,2013,3,22,2025,2025,0,2140,2149,-9,DL,985,N376NW,JFK,BOS,40,187,20,25,156767
968,2013,1,3,1832,1830,2,2152,2205,-13,AA,269,N3HPAA,JFK,SEA,340,2422,18,30,2505
969,2013,7,28,755,800,-5,1055,1104,-9,DL,2190,N312US,JFK,MIA,151,1089,8,0,276095
970,2013,4,15,1900,1855,5,2217,2210,7,VX,169,N637VA,EWR,LAX,343,2454,18,55,179115
971,2013,1,19,1450,1450,0,1624,1626,-2,9E,3983,N601XJ,JFK,RIC,61,288,14,50,16250
972,2013,1,29,2025,1935,50,2333,2240,53,AA,791,N3EMAA,LGA,DFW,226,1389,19,35,25109
973,2013,4,9,1009,955,14,1116,1108,8,B6,600,N238JB,JFK,PWM,46,273,9,55,172946
974,2013,2,2,1329,1330,-1,1541,1603,-22,DL,2043,N3773D,JFK,ATL,115,760,13,30,112563
975,2013,4,19,156,2105,291,317,2234,283,EV,4641,N14950,EWR,MKE,113,725,21,5,182254
976,2013,12,24,944,945,-1,1050,1130,-40,AA,317,N3KNAA,LGA,ORD,108,733,9,45,104701
977,2013,8,29,2305,2255,10,20,14,6,B6,108,N238JB,JFK,PWM,56,273,22,55,307548
978,2013,2,26,NA,1840,NA,NA,2020,NA,MQ,3730,N519MQ,EWR,ORD,NA,719,18,40,134328
979,2013,8,28,1724,1347,217,2002,1631,211,UA,744,N851UA,EWR,DFW,174,1372,13,47,306205
980,2013,7,9,1940,1755,105,2334,2121,133,UA,212,N823UA,EWR,SFO,329,2565,17,55,258449
981,2013,8,26,726,600,86,958,851,67,B6,371,N709JB,LGA,FLL,130,1076,6,0,303786
982,2013,8,18,1817,1800,17,2003,1950,13,MQ,3526,N527MQ,LGA,CMH,77,479,18,0,296810
983,2013,1,6,1459,1505,-6,1620,1645,-25,WN,1197,N259WN,LGA,MKE,117,738,15,5,4765
984,2013,12,29,1416,1425,-9,1649,1653,-4,FL,1070,N948AT,LGA,ATL,127,762,14,25,109088
985,2013,2,3,1559,1555,4,1751,1749,2,B6,917,N190JB,JFK,ORD,128,740,15,55,113372
986,2013,11,2,1714,1725,-11,1850,1900,-10,MQ,3301,N3AEMQ,LGA,RDU,77,431,17,25,57421
987,2013,10,28,2119,2110,9,2346,2341,5,EV,5811,N16961,EWR,JAX,115,820,21,10,52999
988,2013,6,24,1547,1545,2,1914,1806,68,DL,1942,N301DQ,EWR,ATL,107,746,15,45,244319
989,2013,2,25,1512,1515,-3,1845,1805,40,UA,1490,N69059,EWR,IAH,229,1400,15,15,132977
990,2013,4,15,1921,1745,96,2213,2105,68,DL,1394,N37700,JFK,PDX,324,2454,17,45,179133
991,2013,1,12,1127,1130,-3,1258,1320,-22,WN,1141,N623SW,EWR,STL,136,872,11,30,10028
992,2013,9,20,1042,1045,-3,1330,1349,-19,UA,1479,N39416,EWR,LAX,328,2454,10,45,327002
993,2013,8,19,723,730,-7,1002,1010,-8,B6,683,N554JB,JFK,MCO,134,944,7,30,297151
994,2013,11,16,823,830,-7,1053,1100,-7,F9,509,N207FR,LGA,DEN,242,1620,8,30,70018
995,2013,9,9,608,600,8,819,815,4,FL,347,N267AT,LGA,ATL,105,762,6,0,316320
996,2013,1,6,843,848,-5,1053,1111,-18,EV,4625,N12172,EWR,XNA,174,1131,8,48,4477
997,2013,2,8,NA,1855,NA,NA,2100,NA,MQ,4649,N1EAMQ,LGA,MSP,NA,1020,18,55,118201
998,2013,3,28,2253,2255,-2,2355,2357,-2,B6,1018,N623JB,JFK,BOS,43,187,22,55,162430
999,2013,3,13,2126,1729,237,49,2049,240,AA,543,N387AA,JFK,MIA,163,1089,17,29,148307
1000,2013,4,5,2028,2030,-2,2144,2154,-10,DL,985,N336NW,JFK,BOS,41,187,20,30,169919
